dataset,k,m,metric,QS_mean,SRS_mean,diff,ci_lo,ci_hi,frac_QS_better
Epileptic,4,4,quantile_error,0.07291121892093624,0.10341707379477544,-0.03050585487383918,-0.032369848258709845,-0.028641861488968516,0.851
Epileptic,4,4,KL,0.02416554787830551,0.025035974648957775,-0.0008704267706522635,-0.0010994524196950078,-0.0006414011216095191,0.577
Epileptic,4,4,JS,0.007012471628122872,0.0072232343316265156,-0.0002107627035036437,-0.0002754032166273776,-0.0001461221903799098,0.563
Epileptic,4,4,energy,0.006945993958035577,0.010789046539587692,-0.003843052581552115,-0.004093426659221717,-0.0035926785038825136,0.854
Epileptic,4,4,MMD,0.0010396638389241822,0.0017232825165495976,-0.0006836186776254154,-0.000707807603394188,-0.0006594297518566428,0.99
Epileptic,4,4,Mahalanobis,0.05579396759942773,0.07522530352479115,-0.0194313359253634,-0.021575880379618065,-0.017286791471108738,0.7
Epileptic,4,4,pairwise_W1,0.6364245885363985,0.6877033217105729,-0.05127873317417438,-0.07925046214987769,-0.023307004198471083,0.548
OnlineNews,4,6,quantile_error,0.019629811300249086,0.03607496185555067,-0.016445150555301574,-0.016975152625713797,-0.01591514848488935,0.991
OnlineNews,4,6,KL,0.008353491887385073,0.0089781876805174,-0.0006246957931323269,-0.0006733946674316798,-0.0005759969188329741,0.788
OnlineNews,4,6,JS,0.002561062520215527,0.002719639727229968,-0.00015857720701444028,-0.00017166726619393026,-0.0001454871478349503,0.774
OnlineNews,4,6,energy,0.003710780133698197,0.004592120816344702,-0.0008813406826465044,-0.0009883747372093766,-0.0007743066280836322,0.657
OnlineNews,4,6,MMD,0.0007729641290543703,0.0009738239805028738,-0.00020085985144850348,-0.00020889452854684097,-0.000192825174350166,0.948
OnlineNews,4,6,Mahalanobis,0.013981654532109651,0.03829846767308483,-0.02431681314097518,-0.025639509509791363,-0.022994116772158995,0.926
OnlineNews,4,6,pairwise_W1,0.2106732980787132,0.23674800255493897,-0.026074704476225796,-0.046676465605648004,-0.00547294334680359,0.535
YearPrediction,4,12,quantile_error,0.018966193254145357,0.016191471665188355,0.0027747215889569986,0.0025458699874313226,0.0030035731904826746,0.2
YearPrediction,4,12,KL,0.0006579089119080282,0.0006299838593766731,2.792505253135498e-05,2.307854237517869e-05,3.277156268753127e-05,0.345
YearPrediction,4,12,JS,0.00019175200056069836,0.00018533888480404053,6.413115756657801e-06,5.044238978138286e-06,7.781992535177316e-06,0.378
YearPrediction,4,12,energy,0.0062498889236963446,0.0058726859346948925,0.0003772029890014519,0.00021590303895260471,0.0005385029390502991,0.428
YearPrediction,4,12,MMD,0.0010250388356405993,0.0010295383787014298,-4.499543060830634e-06,-1.0312758792670802e-05,1.3136726710095328e-06,0.527
YearPrediction,4,12,Mahalanobis,0.006512846356678393,0.011212105945166648,-0.004699259588488255,-0.004976611341794664,-0.0044219078351818465,0.844
YearPrediction,4,12,pairwise_W1,0.36702743740532534,0.3799068666120759,-0.012879429206750491,-0.028344769537812675,0.0025859111243116926,0.516
