dataset,pc_config,metric,QS_mean,SRS_mean,diff,ci_lo,ci_hi,frac_QS_better
APS,dynamic,AUC,0.892326259169975,0.8917443641961145,0.000581894973860354,-0.0014314751797470475,0.0025952651274677553,0.479
APS,dynamic,F1,0.6515751820559201,0.65051778682881,0.0010573952271100077,-0.0010918998090603497,0.0032066902632803653,0.498
APS,dynamic,recall,0.6429130856390607,0.6402128576130139,0.0027002280260466876,-0.0005960841152449384,0.005996540167338313,0.497
APS,dynamic,precision,0.6626995167354301,0.6633947553885701,-0.0006952386531399737,-0.003393082414554038,0.0020026051082740913,0.488
APS,fixed_10,AUC,0.890624103513818,0.8918479767483308,-0.0012238732345127988,-0.0033118809730979812,0.0008641345040723836,0.487
APS,fixed_10,F1,0.6495834746726616,0.6511367930975119,-0.0015533184248504959,-0.0037266208103288075,0.000619983960627816,0.496
APS,fixed_10,recall,0.6396769670185006,0.6412212381579256,-0.001544271139425002,-0.00485223327597067,0.0017636909971206658,0.47
APS,fixed_10,precision,0.6621700727833165,0.6635100056666504,-0.0013399328833338421,-0.004187904322634399,0.0015080385559667151,0.494
APS,fixed_5,AUC,0.8920197107650831,0.8919587026424742,6.1008122608764425e-05,-0.0019025483195067403,0.002024564564724269,0.504
APS,fixed_5,F1,0.6513823960219963,0.6514601623622416,-7.776634024526175e-05,-0.002080965743678651,0.0019254330631881275,0.502
APS,fixed_5,recall,0.6413911410705471,0.6422259044641387,-0.0008347633935917641,-0.0040476236249804625,0.002378096837796935,0.486
APS,fixed_5,precision,0.663836625154123,0.6631817058063815,0.0006549193477414688,-0.0019604133968013997,0.0032702520922843373,0.517
CreditCard,dynamic,AUC,0.7167055549372949,0.7169068925444856,-0.00020133760719069939,-0.0005808022736932374,0.0001781270593118386,0.509
CreditCard,dynamic,F1,0.3567112071028944,0.3579622250176169,-0.001251017914722584,-0.0045452912214196855,0.002043255391974518,0.487
CreditCard,dynamic,recall,0.24203415369161227,0.2431205424409844,-0.001086388749372175,-0.004133795118304407,0.0019610176195600576,0.49
CreditCard,dynamic,precision,0.6919391193434837,0.6920239625108573,-8.484316737341136e-05,-0.0017489347285081838,0.001579248393761361,0.483
CreditCard,fixed_10,AUC,0.7171426804412122,0.7167137752644785,0.0004289051767337397,4.895872593994562e-05,0.0008088516275275338,0.523
CreditCard,fixed_10,F1,0.35267300815936553,0.35597422933388617,-0.0033012211745206497,-0.006794922434882847,0.00019248008584154793,0.469
CreditCard,fixed_10,recall,0.23832747363134105,0.24130436966348567,-0.0029768960321446504,-0.006198262418349055,0.0002444703540597543,0.476
CreditCard,fixed_10,precision,0.6919601426427668,0.6932301142663498,-0.0012699716235829587,-0.0029363754496698445,0.0003964322025039272,0.484
CreditCard,fixed_5,AUC,0.7170159752987458,0.7168337691533717,0.00018220614537425506,-0.00018823223812561906,0.0005526445288741292,0.502
CreditCard,fixed_5,F1,0.3551082592869532,0.3576840545807528,-0.002575795293799531,-0.005946611258141204,0.0007950206705421427,0.471
CreditCard,fixed_5,recall,0.24044198895027621,0.24284580612757406,-0.0024038171772978395,-0.0055052883342693966,0.0006976539796737175,0.468
CreditCard,fixed_5,precision,0.6929726902356251,0.6925573939553054,0.0004152962803198568,-0.0011923959397277116,0.0020229885003674253,0.506
