k,m,H_N,r,metric,QS_mean,SRS_mean,diff,ci_lo,ci_hi,frac_QS_better
3,5,35,5000,quantile_error,0.01639980191915486,0.018704650730521973,-0.0023048488113671145,-0.0026728626959284614,-0.0019368349268057679,0.676
3,5,35,5000,KL,0.0026824762477238905,0.0027769337428036173,-9.445749507972667e-05,-0.00012735481197756238,-6.156017818189095e-05,0.567
3,5,35,5000,JS,0.0007076217630162729,0.0007303971739991613,-2.2775410982888392e-05,-3.1230624537498646e-05,-1.432019742827814e-05,0.569
3,5,35,5000,energy,0.00237185729697115,0.002545508931693923,-0.00017365163472277302,-0.0002606040072121299,-8.669926223341614e-05,0.551
3,5,35,5000,MMD,0.0008616379948398026,0.0009025358814899797,-4.089788665017702e-05,-5.599686186555311e-05,-2.5798911434800926e-05,0.572
3,5,35,5000,Mahalanobis,0.018229948870203926,0.022106481964300807,-0.003876533094096877,-0.0046729180244429935,-0.0030801481637507608,0.625
3,5,35,5000,pairwise_W1,0.08522797107046685,0.08178305828139269,0.0034449127890741477,-0.0009480003783661631,0.007837825956514458,0.484
5,5,126,5000,quantile_error,0.016246512169729846,0.0177598731657189,-0.0015133609959890532,-0.0017885415096716183,-0.0012381804823064881,0.647
5,5,126,5000,KL,0.002731641527099472,0.002807920578193216,-7.627905109374365e-05,-0.0001017121723988838,-5.084592978860349e-05,0.577
5,5,126,5000,JS,0.0007210147479228688,0.0007405215254805372,-1.950677755766829e-05,-2.5974458791360086e-05,-1.3039096323976493e-05,0.577
5,5,126,5000,energy,0.0031209002253001178,0.0032246772231108835,-0.00010377699781076544,-0.00018141786307225254,-2.6136132549278338e-05,0.541
5,5,126,5000,MMD,0.0009546860310056389,0.0009626340313718493,-7.948000366210506e-06,-1.3428957455342109e-05,-2.4670432770789033e-06,0.535
5,5,126,5000,Mahalanobis,0.026041947984777422,0.029642475326826876,-0.0036005273420494544,-0.00441754594419336,-0.002783508739905549,0.6
5,5,126,5000,pairwise_W1,0.08420664639107801,0.08075881240377686,0.0034478339873011696,-0.0009789112593408082,0.007874579233943147,0.472
10,5,945,5000,quantile_error,0.016416765000203577,0.01701816612183264,-0.0006014011216290665,-0.0007894080428514647,-0.00041339420040666834,0.577
10,5,945,5000,KL,0.0028113261359726644,0.002838617710019625,-2.729157404696128e-05,-4.602929170220044e-05,-8.553856391722119e-06,0.536
10,5,945,5000,JS,0.0007432321256950567,0.0007499903793707572,-6.758253675700438e-06,-1.1563121697783962e-05,-1.9533856536169137e-06,0.531
10,5,945,5000,energy,0.004454333927174855,0.004431697375090567,2.2636552084287054e-05,-5.546321568439945e-05,0.00010073631985297355,0.495
10,5,945,5000,MMD,0.0009815751820574552,0.0009799235503300996,1.6516317273557225e-06,1.1601233051474844e-06,2.1431401495639606e-06,0.418
10,5,945,5000,Mahalanobis,0.04100463295474408,0.042962414629781266,-0.0019577816750371807,-0.0028096623620794646,-0.0011059009879948968,0.558
10,5,945,5000,pairwise_W1,0.07777607667630614,0.07533094222746851,0.002445134448837626,-0.0017612758232729872,0.006651544720948239,0.467
35,5,12448,5000,quantile_error,0.010601891295590775,0.009533902811875517,0.00106798848371526,0.0010087934625657741,0.001127183504864746,0.132
35,5,12448,5000,KL,0.0009697298440251867,0.0009303936692641006,3.933617476108609e-05,3.5772688475978724e-05,4.289966104619346e-05,0.235
35,5,12448,5000,JS,0.00025063087984367015,0.0002394667782313508,1.1164101612319377e-05,1.0254451722468207e-05,1.2073751502170548e-05,0.214
35,5,12448,5000,energy,0.009036668435404103,0.008182310165879598,0.0008543582695245053,0.0007747605961055874,0.0009339559429434232,0.227
35,5,12448,5000,MMD,0.0009798520018776589,0.0009796890000204675,1.6300185719135345e-07,-1.0644885890052799e-07,4.324525732832349e-07,0.482
35,5,12448,5000,Mahalanobis,0.05863127122996319,0.047431431319151486,0.011199839910811698,0.01066236641062311,0.011737313411000287,0.102
35,5,12448,5000,pairwise_W1,0.12594689217502195,0.07408310759814914,0.05186378457687283,0.04814032368470593,0.05558724546903973,0.171
