k,metric,QS_mean,SRS_mean,diff,ci_lo,ci_hi,frac_QS_better
3,quantile_error,0.006439368703592382,0.018644090810827477,-0.012204722107235095,-0.013000739785066289,-0.011408704429403902,1.0
3,KL,0.00223455955916824,0.002746150101571553,-0.0005115905424033124,-0.0006114721414064567,-0.00041170894340016815,0.86
3,JS,0.0005958701985059204,0.0007222578679747569,-0.00012638766946883618,-0.00015199265867144127,-0.0001007826802662311,0.81
3,energy,0.0019539599387521146,0.0025218166590649416,-0.0005678567203128271,-0.0007886997723520227,-0.0003470136682736315,0.65
3,MMD,0.0007665161890333866,0.0008990014342679598,-0.00013248524523457316,-0.00017210745226738783,-9.286303820175848e-05,0.73
3,Mahalanobis,0.005531350114509289,0.022216861136814394,-0.016685511022305106,-0.01847415110518888,-0.014896870939421332,0.99
3,pairwise_W1,0.09042995201542649,0.0816353129287581,0.008794639086668377,-0.00533521092008956,0.022924489093426315,0.39
5,quantile_error,0.05251833170415373,0.01780177261663833,0.034716559087515406,0.03214751869479281,0.037285599480238005,0.0
5,KL,0.02088763568522301,0.002753170266096003,0.018134465419127006,0.01702637757991252,0.019242553258341493,0.0
5,JS,0.004888566717359289,0.00072451970355599,0.0041640470138032985,0.003912171008086787,0.00441592301951981,0.0
5,energy,0.006077801642904985,0.003080264417295315,0.00299753722560967,0.002064693315647378,0.003930381135571962,0.15
5,MMD,0.0016561282255872166,0.000977917295911997,0.0006782109296752198,0.0005669256015660119,0.0007894962577844277,0.0
5,Mahalanobis,0.04054160984023352,0.029343045442800947,0.011198564397432558,0.006517342925600241,0.015879785869264876,0.3
5,pairwise_W1,0.11666825801865384,0.07990100763524435,0.036767250383409514,0.020361974192412872,0.05317252657440616,0.34
10,quantile_error,0.37171518673886245,0.017041587517433506,0.354673599221429,0.33823776183773047,0.3711094366051275,0.0
10,KL,0.6800183871272053,0.002811551236239749,0.6772068358909654,0.6727468070704198,0.6816668647115111,0.0
10,JS,0.06786634619872572,0.0007414578247895616,0.06712488837393617,0.06666013094675761,0.06758964580111472,0.0
10,energy,1.5621900443559027,0.004482556359189136,1.5577074879967137,1.4449213643556078,1.6704936116378195,0.0
10,MMD,0.0016368977221175478,0.000979195433974112,0.0006577022881434363,0.000626385328490794,0.0006890192477960787,0.0
10,Mahalanobis,1.9996942887003946,0.04350778371918583,1.9561865049812084,1.878149274839446,2.034223735122971,0.0
10,pairwise_W1,0.31529140537566924,0.07347371860973455,0.24181768676593463,0.19287918867582673,0.2907561848560425,0.17
