dataset,metric,QS_mean,SRS_mean,frac_QS_better
CreditCard,quantile_error,0.026106893768548012,0.040059638268638634,0.9
CreditCard,KL,0.011921266773150576,0.012499821990486175,0.7
CreditCard,JS,0.003694388991770308,0.003841379779391356,0.7
CreditCard,energy,0.00394381994984605,0.005552112047820757,0.95
CreditCard,MMD,0.0009717113020023215,0.0010479064648468935,0.85
CreditCard,Mahalanobis,0.03697425564467892,0.06502095928159903,0.85
CreditCard,pairwise_W1,0.20636628027587162,0.281938378803645,0.65
EEG,quantile_error,0.008045116618960799,0.01476602371638342,0.8
EEG,KL,0.029306260597644667,0.02927653852730593,0.4
EEG,JS,0.009538470760878269,0.009517669152342334,0.4
EEG,energy,0.0005851475010284546,0.0012972768751260578,1.0
EEG,MMD,0.00017105667360056698,0.00048163333329894755,0.85
EEG,Mahalanobis,0.03606083920992187,0.03367809644428475,0.65
EEG,pairwise_W1,0.3179756245928428,0.07469681834867511,0.25
Epileptic,quantile_error,0.2882804970993516,0.08383708053607464,0.0
Epileptic,KL,0.045077071620372985,0.0251540552533918,0.0
Epileptic,JS,0.012435538660142974,0.007268321574596859,0.0
Epileptic,energy,0.21318952202775315,0.024165217246666693,0.0
Epileptic,MMD,0.0020754760435597857,0.0020672437796604394,0.35
Epileptic,Mahalanobis,0.6631049442625282,0.17946811356352685,0.0
Epileptic,pairwise_W1,1.5842235375806193,0.9766691101568783,0.2
MAGIC,quantile_error,0.022763848123790124,0.044926258027427834,1.0
MAGIC,KL,0.013320623368314693,0.013928799047372481,0.65
MAGIC,JS,0.0036985108009067805,0.0038392844527059067,0.65
MAGIC,energy,0.004312141349517895,0.005886545811698163,0.65
MAGIC,MMD,0.0009786493686786489,0.0013768088634093256,0.9
MAGIC,Mahalanobis,0.020993287077071675,0.054938308926625004,0.95
MAGIC,pairwise_W1,0.12277686221065778,0.16733890065874638,0.65
OnlineNews,quantile_error,0.0684704243385382,0.03176929389644624,0.0
OnlineNews,KL,0.011030780212982065,0.008079025668692957,0.0
OnlineNews,JS,0.0031163053962133037,0.0023732782160784576,0.0
OnlineNews,energy,0.016458624414639456,0.00909856810411167,0.0
OnlineNews,MMD,0.0009530014584398337,0.0009530874391721992,0.45
OnlineNews,Mahalanobis,0.17349518026189265,0.08944635473168108,0.0
OnlineNews,pairwise_W1,0.4299349575048489,0.5358372218083434,0.55
