dataset,method,MSE,R2,MSE_vs_SRS,win_vs_SRS
Appliances,PCA-QS,9157.90152588749,0.12791180373719507,-25.823287967265816,0.543
Appliances,SRS,9183.724813854757,0.12544062736264103,0.0,0.0
Appliances,Leverage,9173.137007029873,0.12646413094145678,-10.58780682488357,0.512
Appliances,Coreset,9170.099362725477,0.12671851856969654,-13.625451129278572,0.52
BikeSharing,PCA-QS,20557.747934175975,0.3755249438487412,-16.952680557042786,0.53
BikeSharing,SRS,20574.700614733018,0.37500742421134986,0.0,0.0
BikeSharing,Leverage,20655.06415766622,0.3725944444800218,80.36354293320127,0.374
BikeSharing,Coreset,20608.4218455368,0.3739834571470358,33.72123080378125,0.444
CASP,PCA-QS,27.221790849697147,0.2729093686308996,-0.14167190944143623,0.615
CASP,SRS,27.363462759138585,0.2691250963451793,0.0,0.0
CASP,Leverage,27.98084967873567,0.25263527891451504,0.6173869195970894,0.123
CASP,Coreset,27.07717807984858,0.27677615618883294,-0.2862846792900064,0.702
