dataset,k,m,metric,H_N,empty_cells,unrepresented_share,realized_retention,QS_mean,SRS_mean,diff,ci_lo,ci_hi,frac_QS_better
Epileptic,21,5,quantile_error,3759.0,0.0,0.0,0.32686956521739136,0.03164343934541994,0.012463446070314436,0.019179993275105497,0.01905819051309585,0.019301796037115144,0.0
Epileptic,21,5,KL,3759.0,0.0,0.0,0.32686956521739136,0.005830347394652119,0.002311041318091287,0.0035193060765608317,0.003495249098403571,0.0035433630547180924,0.0
Epileptic,21,5,JS,3759.0,0.0,0.0,0.32686956521739136,0.0013423419165033094,0.0006019434155286357,0.0007403985009746737,0.000735095314818305,0.0007457016871310425,0.0
Epileptic,21,5,energy,3759.0,0.0,0.0,0.32686956521739136,0.02335135586850858,0.011314272751913412,0.012037083116595166,0.01181112238273795,0.012263043850452383,0.0
Epileptic,21,5,MMD,3759.0,0.0,0.0,0.32686956521739136,0.0008298984383406417,0.0008256243295225905,4.274108818051231e-06,3.6315261569890587e-06,4.916691479113403e-06,0.33
Epileptic,21,5,Mahalanobis,3759.0,0.0,0.0,0.32686956521739136,0.17243510210871482,0.17801528350260232,-0.005580181393887504,-0.006345617901293655,-0.004814744886481354,0.693
Epileptic,21,5,pairwise_W1,3759.0,0.0,0.0,0.32686956521739136,2.2167176955769516,1.1632581122525103,1.0534595833244413,0.9895321881811078,1.117386978467775,0.144
YearPrediction,28,5,quantile_error,17387.0,0.0,0.0,0.061162910283402386,0.017373735855534717,0.005651089161779303,0.011722646693755416,0.011668063126204081,0.01177723026130675,0.0
YearPrediction,28,5,KL,17387.0,0.0,0.0,0.061162910283402386,0.0008722180529085414,0.0004962219015470889,0.00037599615136145253,0.0003738450694764224,0.0003781472332464827,0.0
YearPrediction,28,5,JS,17387.0,0.0,0.0,0.061162910283402386,0.00024432374549596776,0.0001445634494475917,9.976029604837602e-05,9.91542639453991e-05,0.00010036632815135294,0.0
YearPrediction,28,5,energy,17387.0,0.0,0.0,0.061162910283402386,0.01758615314749112,0.01245258562719424,0.005133567520296882,0.004933614531453564,0.005333520509140201,0.043
YearPrediction,28,5,MMD,17387.0,0.0,0.0,0.061162910283402386,0.0009960364051477804,0.000996023461516276,1.2943631504466843e-08,-1.0712677238756234e-07,1.3301403539649604e-07,0.474
YearPrediction,28,5,Mahalanobis,17387.0,0.0,0.0,0.061162910283402386,0.14896474472406399,0.05157162919483154,0.09739311552923247,0.0970089267169159,0.09777730434154903,0.0
YearPrediction,28,5,pairwise_W1,17387.0,0.0,0.0,0.061162910283402386,0.6707405225331732,0.6316442943442729,0.03909622818890017,0.012766198843347086,0.06542625753445325,0.461
