k,run,method,quantile_error,KL,JS,energy,MMD,Mahalanobis,pairwise_W1
3,0,PCA-QS,0.007827108354535088,0.0024600477350292227,0.0006419320261783675,0.0021169985197970753,0.0006941529301403293,0.006160609514119406,0.15655226449258552
3,0,SRS,0.01617130322779912,0.002354104722462615,0.0006235444592737016,0.0038252539728569346,0.0008223357607129445,0.007603506625158356,0.032388796110597855
3,1,PCA-QS,0.00729180082330598,0.002253595140295835,0.0005967324627966682,0.0015198165661396423,0.0009567079258672173,0.005589175356537243,0.03695850414120973
3,1,SRS,0.021170946771888716,0.0025776387441754107,0.0006853616050384306,0.002386165257265649,0.0012618172251403492,0.03477004813603421,0.08369596562352516
3,2,PCA-QS,0.00542459840957733,0.0022164226357648032,0.0005745772719042858,0.002843908303286291,0.0010893734384206377,0.004924869133254913,0.03702489145917016
3,2,SRS,0.02544380686571145,0.003286696945007345,0.0008508680069847776,0.0019300835390323456,0.0010997454785821315,0.03811349138796074,0.1462336977169973
3,3,PCA-QS,0.007026297800567137,0.0022312914945206634,0.0005796005707583405,0.0010824431403926305,0.0006854965149726,0.0033560467836860745,0.04628792936415831
3,3,SRS,0.020275677387091063,0.003609658487375255,0.0009507545978768487,0.00219304111113372,0.0008018475453911156,0.023087932119717675,0.04035290230266891
3,4,PCA-QS,0.007675887102341814,0.002748137146041492,0.0007186444500201719,0.0016020934576657098,0.0006497241459907932,0.005118555498045001,0.16890641316641122
3,4,SRS,0.011877573755452035,0.0022493543444043937,0.0006104768846378283,0.0016659667547882506,0.000968661259840603,0.013856159087270198,0.04859524588236493
3,5,PCA-QS,0.005590808729618146,0.0025879465864457854,0.0006882118932583593,0.001289583549033857,0.0006601111086659839,0.003388296961437907,0.07413732524331108
3,5,SRS,0.01253895206839403,0.003012148895679446,0.0007723413497446749,0.0013568979802127679,0.0006385333637654589,0.005074824107795271,0.17156967413560276
3,6,PCA-QS,0.005431467629390691,0.002177652017771973,0.0005812293049751957,0.001216132994817265,0.0006048355008455575,0.007768249355595471,0.08546229904153603
3,6,SRS,0.02768856787073623,0.0036191200754349833,0.0009346777586813122,0.004325674255160283,0.0014199238450507135,0.023852416678200622,0.06304232987260203
3,7,PCA-QS,0.005317357131651483,0.0024173297282942103,0.0006394978395221761,0.0009556766458977961,0.0005840471823196636,0.003240127499973001,0.04340854543280509
3,7,SRS,0.022424740623762457,0.0027177083849715504,0.0007309176524356174,0.002017602536361629,0.0008518177963261764,0.03898279878452422,0.05987841318336863
3,8,PCA-QS,0.005537987398401678,0.0022046769777891583,0.0005920747763623548,0.0022394778393222126,0.0009307506461856963,0.0019161061085918158,0.06743371534559284
3,8,SRS,0.013747391095357357,0.0025042537505420765,0.0006585097708033399,0.002946889208262249,0.0008956584910946863,0.015804819487843173,0.04929245393062287
3,9,PCA-QS,0.006215336337284996,0.002526564763872547,0.0006608240550992875,0.0022959620209501708,0.0009321618005747045,0.005577453423138159,0.06987901887784666
3,9,SRS,0.01865879560917538,0.0025044486042448606,0.000654086414428366,0.001842965273853192,0.0008273107994785922,0.026338441794840146,0.20303646982305393
3,10,PCA-QS,0.008327293879195988,0.002553441228159693,0.0006838606626156041,0.001432942912086066,0.0006171455740708875,0.006569571982000967,0.06881678554536592
3,10,SRS,0.018873548641547142,0.002125647857438073,0.0005572830460145012,0.004444768039665092,0.0008296323292246166,0.017488768893066137,0.04562549182008122
3,11,PCA-QS,0.0077141406056986175,0.0020848207278514265,0.0005460500574795668,0.0012538153817471809,0.0006626885263572579,0.009640222441352908,0.21180419233487993
3,11,SRS,0.017879341995718803,0.0034240621455041004,0.0009002871909109654,0.0015151772847237233,0.0008014194762305249,0.009943114060799617,0.06751231384045363
3,12,PCA-QS,0.0062751479575606775,0.0022720638124716784,0.0005927805366949248,0.0026632116729450317,0.0008939050051388342,0.003521451336872881,0.08656798699609691
3,12,SRS,0.022032415277118595,0.0029083576408219735,0.0007816015235021459,0.003952316042796777,0.0010955603716710505,0.0291439348727316,0.02800113150009787
3,13,PCA-QS,0.007612024067068508,0.00224056508041421,0.000604979328274547,0.0013528975814667277,0.0006442508567991723,0.004925935268989517,0.15112191819481083
3,13,SRS,0.025832905588415445,0.0026220264803802976,0.0006832034987391176,0.0029928479295171506,0.001013060492473239,0.03441393056596209,0.14846634488235189
3,14,PCA-QS,0.0055121491486555515,0.00266065637026104,0.0006913227839465807,0.0014562768840518103,0.00069122773891242,0.0038634937751002344,0.08974797214651765
3,14,SRS,0.016547867338584293,0.003123931377399955,0.0008205119887403278,0.0020378310410409384,0.0010885462005748026,0.021790667327856315,0.13963858547037747
3,15,PCA-QS,0.006649162680654232,0.0020855436091714355,0.0005713370399536062,0.0011569278479774958,0.0007478389652593176,0.004637833160513527,0.13806731014654805
3,15,SRS,0.023779962165150065,0.0031562851624920107,0.0008361691676175967,0.003787965991377984,0.0014490511000652406,0.03525744243570484,0.055616799386313386
3,16,PCA-QS,0.004516274488957737,0.002549749500508213,0.0006704354009171282,0.0031659180824594735,0.0006451196046377006,0.0045069866636191225,0.18460469483218575
3,16,SRS,0.016561987331691824,0.0022268374865946914,0.0005615158458935205,0.0030148213939216184,0.0010402946404953206,0.01772531177166864,0.030841219606156406
3,17,PCA-QS,0.004145232883123901,0.0018153983288906443,0.0004847489963605209,0.0020469231734994153,0.001090735857424835,0.004706932570768613,0.07787417666347907
3,17,SRS,0.025725985336595262,0.0028257074641777264,0.0007440646909996064,0.0018970044368269434,0.0010174774480773419,0.03515140333021524,0.07101401659678401
3,18,PCA-QS,0.007562180960380585,0.001925277588148977,0.000516811330735706,0.002894261453881608,0.0008631414571962093,0.008779011838239835,0.12341169970726105
3,18,SRS,0.017420836720892546,0.0027015273526880576,0.0007068373847025014,0.0040463991019783485,0.0009402759336021582,0.02644134078220001,0.11774873518106649
3,19,PCA-QS,0.006475522550256893,0.002642202203251918,0.0006942165207222666,0.0018163872420342564,0.0007988277871004978,0.00581875614819584,0.08210581960563731
3,19,SRS,0.014865694801167,0.003362940015174565,0.00087061847106077,0.0019431693805049832,0.0008257933452895383,0.014463278017308318,0.10532858847012923
3,20,PCA-QS,0.006832275996979722,0.0022085662368584607,0.0005791224321407019,0.0024032398993676374,0.0009603515830909626,0.005985731395405026,0.14668907320914126
3,20,SRS,0.02056714709795399,0.002425366262713726,0.0006412155537551617,0.0015490299324874002,0.0008730381801542175,0.025431642298626343,0.17933870139491637
3,21,PCA-QS,0.007001159476788797,0.002116355601863309,0.0005642939227319171,0.0025164146919673946,0.0008328153143826456,0.006195613423788197,0.10701843119508783
3,21,SRS,0.015643163853821543,0.0026832620375105373,0.0006900850529325998,0.0018898203049131368,0.0007944187356541954,0.012178390101944419,0.09402241149747982
3,22,PCA-QS,0.006990685529641373,0.0021585364234737803,0.000576243329088688,0.0023931009783990653,0.0011079630068442925,0.003625927361459246,0.12603084984279456
3,22,SRS,0.018157492406560657,0.002903818826387171,0.0007479183058516003,0.0019039265307241315,0.0009878794061165819,0.023501850629274453,0.03952516919866385
3,23,PCA-QS,0.00742055001627898,0.0025851604621164926,0.0006985447557282311,0.001330422088734462,0.0005864105191888125,0.008227246023207794,0.08983423501553238
3,23,SRS,0.01681652776352065,0.003487577592514833,0.0009125927710690224,0.002141616068656038,0.0007112972607823675,0.02062258295237874,0.038679652562025234
3,24,PCA-QS,0.006280897067826571,0.0027525750764841907,0.0007521322209644773,0.004100727057166242,0.0013693453786820242,0.005847125057058091,0.05734381645113091
3,24,SRS,0.017911634660009723,0.002857141344268692,0.0007657354428571265,0.0027401150785273387,0.0010586099617383715,0.019055187473115125,0.14797372920409166
3,25,PCA-QS,0.006308278985138367,0.0020115297259888335,0.0005444812118972827,0.00169277041213034,0.0006644509852313518,0.003832104323567582,0.05227673487519245
3,25,SRS,0.018507562888354746,0.002687802005692431,0.0007093780523450953,0.0019318649245807507,0.0008187256799709886,0.022650737750221386,0.019312691889768932
3,26,PCA-QS,0.007294320811917852,0.002163284659678798,0.0005777969411958865,0.0023991326921986023,0.0009031568759512998,0.005402613957929575,0.09748167109200466
3,26,SRS,0.016271369585114354,0.002466703743552486,0.0006533772560785361,0.006094600857111221,0.001303127902725132,0.013825750220755696,0.0567907375378627
3,27,PCA-QS,0.004645548033258341,0.002123811983889383,0.0005727693603608334,0.001193361461071074,0.000777706991688748,0.002141582508202841,0.1392202923421917
3,27,SRS,0.01888812702515635,0.00292593578700474,0.0007618505378090109,0.001888946241168199,0.0010847093086233106,0.021144353197866627,0.09913746709248192
3,28,PCA-QS,0.006250964445616383,0.0021935380838802687,0.0005987605372775969,0.0023221820198346954,0.0011030645901767555,0.005653105955489009,0.07236352890517214
3,28,SRS,0.017321013408752573,0.003157249505298162,0.0008422938251150579,0.004563425645487396,0.0014084237522615783,0.029560708360969717,0.09367592771797763
3,29,PCA-QS,0.005494785888715831,0.0018422368107810915,0.0004859560892047949,0.0014011765850905356,0.0011026184861374355,0.006872213715532709,0.12230175433720021
3,29,SRS,0.01583514651559447,0.0024568751534472326,0.0006434589068873195,0.0022032727167142774,0.0010962463619773877,0.017925450853453484,0.10107824594455245
3,30,PCA-QS,0.007696197327592841,0.002058773786382323,0.0005387022225243035,0.0015997272676084862,0.0005905674973531727,0.007123636740539905,0.10344244834316542
3,30,SRS,0.012980400289004148,0.0021891103637200903,0.0005825047013695885,0.0014969051675688405,0.0008900449901338703,0.012114757162699235,0.14296344668824618
3,31,PCA-QS,0.007632908265655881,0.0023257287040175066,0.000622331670354617,0.002435458309555827,0.0012341893732510378,0.004273685637992165,0.1207700831389767
3,31,SRS,0.014760035118788872,0.0019488892638840295,0.0005199274394793984,0.0038676091370302146,0.0012149330475963172,0.021792049714789992,0.03534857556633391
3,32,PCA-QS,0.005905219452457158,0.0019763445287394846,0.0005375378084818119,0.0022845240381088594,0.000845721833887203,0.004439028056463296,0.17543669312640986
3,32,SRS,0.01971451054979817,0.002481145997805713,0.0006610298946005975,0.003590095962608064,0.0007842477900189548,0.024894555865349575,0.12452736395788624
3,33,PCA-QS,0.0069870571900364775,0.002672723250121412,0.0006960501300038146,0.0031611166846499117,0.0010354795913673498,0.007750782708155983,0.06447900530037896
3,33,SRS,0.024555795517123266,0.003069239810806849,0.000794212927008246,0.0029237423559380638,0.0007302628078343087,0.039941469885506516,0.07613703732767008
3,34,PCA-QS,0.005777840240019742,0.0019393020330772187,0.0005145133074898667,0.0019965995698552064,0.0007403881369730525,0.009887966935414485,0.12168405957309122
3,34,SRS,0.017339871416532704,0.0025740052905868717,0.0006839979269717671,0.0011190116560957364,0.0007418067107406168,0.01885926934857029,0.0324340567595708
3,35,PCA-QS,0.005314369063986556,0.0017701988071721997,0.0004744478310204833,0.0014976650573501615,0.00073375298898673,0.003091009501778788,0.06009649832234984
3,35,SRS,0.027738982391329506,0.002007054873019579,0.000538234366528724,0.002670249793028212,0.0006408036676841811,0.03845754679635794,0.019559202646114222
3,36,PCA-QS,0.007466354601152843,0.002257795571851968,0.0005927577034845706,0.0007189672295742078,0.0004985625407629424,0.0050333117577658895,0.035022622202522974
3,36,SRS,0.01863426597403662,0.002466601453288484,0.0006549833028641627,0.0016595835603725462,0.0009464838697038624,0.027772978555341745,0.057389189138524144
3,37,PCA-QS,0.00524549108580373,0.0023650264919005035,0.0006217165269062541,0.0031308262757852034,0.0009943206066226618,0.002882220121837883,0.12017279936669703
3,37,SRS,0.018586734318523448,0.0018052426745900942,0.0004628252378117114,0.002075622796075205,0.0009513765430652077,0.01687381145197731,0.06339386594032552
3,38,PCA-QS,0.005913539053055035,0.002147930421519053,0.0005812299258104247,0.003390330830812527,0.001001491045699715,0.004899665888479194,0.08096216431493462
3,38,SRS,0.01731296426143218,0.00280454638525676,0.0007358849467122003,0.0015291628475311292,0.0006573432811210478,0.026849967041078764,0.15638350394488876
3,39,PCA-QS,0.006808100112429385,0.0024432059707130507,0.0006637068168469585,0.0010121957203677034,0.00048657541993984976,0.006171264665696189,0.0640213263969127
3,39,SRS,0.021530488780891505,0.0027357460997416423,0.0007332566800293813,0.002572244661838141,0.000553248150481106,0.028242824986259487,0.05097798754712477
3,40,PCA-QS,0.004875574945152028,0.0018090236231108232,0.0004883356568284165,0.0023638383105932803,0.0007461750659263355,0.002949435460298433,0.045244996872417766
3,40,SRS,0.02365956935353501,0.002112238488762307,0.000566209232458776,0.0023073533194040152,0.0008491184120092699,0.03340493835864878,0.05552985683455672
3,41,PCA-QS,0.007639794884804318,0.0020351584491313988,0.0005332588599784081,0.0012049193593846041,0.0006770352530185153,0.008347041097861127,0.024217299610692102
3,41,SRS,0.011683547345964343,0.002384124383357873,0.0006408474934494215,0.0021458106595715343,0.0009093596148216088,0.011836847946010951,0.03191177301551851
3,42,PCA-QS,0.006116839208902023,0.002887472244576269,0.0007493713425421816,0.0028174537613741,0.0006706183729631998,0.00833686390496041,0.076944432367625
3,42,SRS,0.023187729335536107,0.0031529497331146046,0.0008208327483036625,0.0029220802732305984,0.0006372835854414616,0.03309589933211644,0.24880336762662691
3,43,PCA-QS,0.009026614628757661,0.002327491572409149,0.0006307921952596917,0.002149941410798828,0.0007894718736895234,0.0032903740901232253,0.14173799296287642
3,43,SRS,0.018862117076801094,0.0023777590185747933,0.0006210328491877079,0.0012364534261140037,0.0007535431854052976,0.02166228732583762,0.08903183450738772
3,44,PCA-QS,0.005118223815494945,0.002110633253904689,0.0005531269995112621,0.0020676230235099347,0.0007110030932799549,0.0032383857320292947,0.051063415428611716
3,44,SRS,0.022687257835455377,0.00307952660276586,0.0008111508290054922,0.002487542692716005,0.0009472223531439283,0.03363876648089296,0.1465323409591507
3,45,PCA-QS,0.007881935075480259,0.001957569117594915,0.0005219284120354661,0.0018721622515887049,0.0006077124353054963,0.0058103308560576656,0.11311026872831258
3,45,SRS,0.01901579510477228,0.0030321739516747785,0.0007874286358613615,0.0012010324490061564,0.0007271640685348191,0.01322724045330706,0.05737273054445134
3,46,PCA-QS,0.005629339461156464,0.0024051584964929385,0.0006466374165844609,0.0018359989788341302,0.000589610678500635,0.004257679272582026,0.08165275777769489
3,46,SRS,0.014840600377355677,0.0024556565311476004,0.0006342112835274027,0.0013101614057440258,0.000583902983735618,0.022481478654113967,0.0761519708085916
3,47,PCA-QS,0.00789844838105719,0.002418100608474747,0.0006370746571882232,0.0012636281362885526,0.0007222741907566554,0.006642420243880898,0.16387997622862693
3,47,SRS,0.017668265495566812,0.002736936811344627,0.0007026423942943892,0.0024433410619502105,0.0008482758362100828,0.013366116894782242,0.04277143508714237
3,48,PCA-QS,0.005919663225291652,0.002088907975453646,0.0005736872732893697,0.0016828173226142162,0.0006397215921095933,0.00433208942472974,0.02061463715782915
3,48,SRS,0.016067439683604953,0.0030246661812015816,0.0007852126724210553,0.0013747424979091427,0.0006907334987147351,0.02039539759199381,0.15262468982278204
3,49,PCA-QS,0.006672117741608583,0.002660255774881196,0.0007311644120752926,0.0016875631366120025,0.0006079248686265692,0.00768030510063404,0.0642977942502921
3,49,SRS,0.01682842950783674,0.002447375490126939,0.0006620600324932854,0.0031679494896019733,0.0008151436428547043,0.02193735763181754,0.09619292905112338
3,50,PCA-QS,0.006334303787288817,0.002323292698911301,0.0006130892144186028,0.004252603910545272,0.000984447938405214,0.00563595736672076,0.09613126644168288
3,50,SRS,0.02131544393822811,0.003151031293568701,0.0008119260781048798,0.004449025719269972,0.0008311856325056433,0.023165516036660266,0.04682596409337237
3,51,PCA-QS,0.007066198099028508,0.001647534980806122,0.00043166330661025226,0.0036976026223158875,0.0009765451356503474,0.003327856644975577,0.021065983173573492
3,51,SRS,0.01909329935466711,0.002547846287425097,0.0006782810240568406,0.0019226542799595236,0.0007437288305722489,0.022126224786381477,0.13979602883659273
3,52,PCA-QS,0.00734817951180478,0.0020901139582171083,0.0005699975489379537,0.00185899402445866,0.0006779426512591169,0.00943322583693585,0.1343710183873017
3,52,SRS,0.017802847048931047,0.0033220475050189887,0.000910437001736652,0.001484683812403631,0.0008678371150644959,0.014008114774256893,0.1264997037410615
3,53,PCA-QS,0.004852939521606359,0.0019962526133304828,0.0005361027532434306,0.003096233166507645,0.000767489224005935,0.002210851419493518,0.020760823835554824
3,53,SRS,0.018722460828075497,0.002649308782715224,0.0007019301527769009,0.0034843041408039177,0.0008618375981044868,0.022536619456697313,0.08477577815442233
3,54,PCA-QS,0.006991029686670275,0.002003168918097291,0.0005379592363231352,0.003711207739175215,0.0008776416673919873,0.0097104578067665,0.09186533181467517
3,54,SRS,0.019534436517225275,0.0026935557299819965,0.0007113088796032806,0.0028984027287992653,0.0009879325617728474,0.02780591406339144,0.1113112699515557
3,55,PCA-QS,0.006496882985267269,0.002145062153323097,0.00055354534686149,0.002442370222796697,0.000930437701337633,0.003990594833097543,0.07466264448471503
3,55,SRS,0.023730587461490035,0.0026669437498535492,0.0007056785585662764,0.0013293393364621764,0.0008518663710595786,0.023505716051687525,0.041228346211562336
3,56,PCA-QS,0.0066374273408753735,0.0018053314638221817,0.00048464522727136006,0.0019241284666158265,0.0006253026384789584,0.00456814787600466,0.05004286917849182
3,56,SRS,0.02387787102246902,0.0030177599726102164,0.0007950760938211314,0.0033910942936308253,0.0011057084262427186,0.01511721537320034,0.08993178338938726
3,57,PCA-QS,0.00586341896746706,0.001984090191487897,0.0005242482585970431,0.0022115825396946676,0.0004713354011663673,0.001205637530293987,0.03872449737252534
3,57,SRS,0.016204227014345002,0.003079761515000354,0.0008076915019657873,0.002046613685618315,0.0008439062534860708,0.018440952821255786,0.05836351496783053
3,58,PCA-QS,0.007671090279294726,0.002222162742150888,0.0005879428908162081,0.0018693984484299264,0.0006696710931438921,0.007094803940012452,0.022054433144528297
3,58,SRS,0.023733619655665585,0.0028184679008246903,0.000747771746220335,0.0036550222954603306,0.0008962874129590515,0.041915710779673,0.08581688915764794
3,59,PCA-QS,0.00630462880923898,0.0021716269505957044,0.0005563927304967654,0.0011172057135637736,0.000649854346926243,0.008843777553973748,0.03170462141952993
3,59,SRS,0.014530850862637097,0.002662385701707445,0.0006789276435982382,0.0027214030379298926,0.000993375564300375,0.02009380178490869,0.05801646351369158
3,60,PCA-QS,0.005453061673242515,0.0025129818057782094,0.0006883707598407868,0.002331246015770283,0.0006618748682735154,0.004888374780970933,0.07194825920617294
3,60,SRS,0.019052686449988757,0.0024344661088753837,0.0006491486856034953,0.003023095828829092,0.0007187179014359335,0.02336702513301208,0.05300474833063806
3,61,PCA-QS,0.007290068483839574,0.0019573429902244076,0.0005317691312289788,0.001775636345931808,0.0008107388798244686,0.010745585025812462,0.04494742025459729
3,61,SRS,0.013528053594559246,0.0033061948466944994,0.0008278699190069684,0.0012681914246934767,0.0009284066123295964,0.003769109729847296,0.11620029805310408
3,62,PCA-QS,0.005498440135555366,0.0027878730433956588,0.0007723864325974938,0.0012210477898384475,0.0006186748344373105,0.0028260132442157757,0.04787361781702352
3,62,SRS,0.01722487864399867,0.00256128381006806,0.0006851038566228473,0.0015589894204524057,0.0008320824126626103,0.022833644122122757,0.24245307531903015
3,63,PCA-QS,0.007411170124292519,0.002219523569277079,0.0005964468985183684,0.0016764547283818487,0.0007571205452330254,0.0038496301093020745,0.04340279876756085
3,63,SRS,0.01592349626882699,0.004079390524837242,0.0010729172178565308,0.0018092598768091328,0.0008322629104136614,0.01381512406751118,0.09148971305854856
3,64,PCA-QS,0.004346871288168352,0.0025471395203973146,0.0006758613619372019,0.001005847791518022,0.0007515268427245037,0.006245948987236951,0.04095713187773037
3,64,SRS,0.020818989156635548,0.003220901116598935,0.0008397306813901082,0.0019801769246892142,0.0007706446046639448,0.0258760545262398,0.05623005776691514
3,65,PCA-QS,0.005757344093344149,0.0024303437853220563,0.0006411919537411933,0.00391437331968314,0.0008899452236504901,0.007353057133517823,0.06526955138805761
3,65,SRS,0.012528331499488626,0.002065803162085011,0.0005593596841619358,0.003307632369263569,0.0007926358843299841,0.01509799314921687,0.11651057807880401
3,66,PCA-QS,0.006763630674640482,0.002740917793298795,0.0007070763007533459,0.0015791285578550252,0.0005482081847437426,0.007312997442281,0.028733649588027387
3,66,SRS,0.022963749301330442,0.0029020576332620487,0.0007546571081353485,0.0023267519986518437,0.0009329689252405016,0.03036478164357104,0.12319092545463063
3,67,PCA-QS,0.007074406078681678,0.00206588301650469,0.0005477838531995042,0.0013846246613926638,0.0008850888599334084,0.006094645686949087,0.07307552237290162
3,67,SRS,0.016819326495570705,0.0027360654029991906,0.0007162993126971004,0.003555502522986753,0.001110255834965601,0.02193558235739234,0.031839123626146944
3,68,PCA-QS,0.005892612909863642,0.0020897104934889488,0.0005643954114963891,0.0015642203772605612,0.000662815344429829,0.0036770411141580596,0.051591383160698785
3,68,SRS,0.015141352340045608,0.0027423793946614768,0.0007115310801513638,0.0016629856229379847,0.0009205149039910043,0.01831445919582113,0.1156410184330747
3,69,PCA-QS,0.008035874125141153,0.0019840014638374016,0.0005409984656656166,0.0016777492422304086,0.0010463966236749223,0.011194518558841559,0.1336837665607164
3,69,SRS,0.020082907579917778,0.0031443103062263867,0.0008261753083474029,0.0028552328567381657,0.0008901002636458044,0.019070093589790203,0.08271164921438863
3,70,PCA-QS,0.0057018974132329245,0.0022249656747762863,0.0005961796920485652,0.0016791197876293573,0.0007831559291494039,0.0069999844811567255,0.05784487923359041
3,70,SRS,0.013709899708500404,0.0023007734964802635,0.0006230940115465425,0.004428055375885087,0.0010790582898177192,0.014405649385817565,0.02695741422571104
3,71,PCA-QS,0.008407637592504914,0.002443620051711622,0.0006530345851518403,0.0011158031763787157,0.000765337933644028,0.003986335857942155,0.05221958464305024
3,71,SRS,0.013251483057786673,0.0022474226652509067,0.0006058781342044892,0.0013214779637906737,0.0008581647670460324,0.01631313383479981,0.02670076929812714
3,72,PCA-QS,0.006726390959443354,0.002205385389016402,0.000586695948363693,0.001688543412659893,0.000820807945485863,0.00319136928040161,0.09346382410532832
3,72,SRS,0.010680704938959099,0.0026290213582151555,0.0006991372159142108,0.0017425400980659589,0.0008945459835770497,0.006485498532366533,0.06145204553505707
3,73,PCA-QS,0.005897671488824815,0.0023928791793973968,0.0006375685108820781,0.0019421096397862492,0.0009856078906609889,0.0039843850354669115,0.11770570757124625
3,73,SRS,0.02347766940434684,0.0033668693902459217,0.0008908309511558296,0.0030057310242974644,0.0009573515658542475,0.045354325594494586,0.08353474978140168
3,74,PCA-QS,0.007869569799840105,0.002524119470081604,0.0006585677646174237,0.0014235063990084562,0.0005829177364914118,0.008660606242595235,0.19685573055326902
3,74,SRS,0.01478558034457455,0.002125654989820851,0.0005675325660855844,0.0013571029823853387,0.0008053966151319036,0.014828364827770658,0.06295696131852634
3,75,PCA-QS,0.007981667247975199,0.0021349666579979377,0.0005594471449808239,0.001257245802632312,0.0006899570226316654,0.009092975704076432,0.09604976390317478
3,75,SRS,0.023951011274472304,0.0021938409148819942,0.0005536005287976245,0.0013034487862144672,0.0006771107365171058,0.02911154033540258,0.028360113904041015
3,76,PCA-QS,0.00529038638188686,0.0016474992332467537,0.0004502504671980453,0.0010559677735888506,0.0005541207085534849,0.001540272697802566,0.07837312285717449
3,76,SRS,0.014733203815273257,0.0025585363319542954,0.000670211205752759,0.0009591243732733901,0.0006700267305415897,0.011850469340657995,0.03222930648542674
3,77,PCA-QS,0.006884740609183425,0.0021006779566868534,0.0005689885615659714,0.0012101871512864015,0.0005885070174428964,0.0089563162040556,0.07380334324305413
3,77,SRS,0.016481919977295482,0.0032032870662238697,0.0008330942900508484,0.0016068220664626764,0.000969069972878378,0.012158261976671768,0.019028769713025796
3,78,PCA-QS,0.0048531901833968145,0.002352579305677263,0.0006362971016297134,0.000957406643188552,0.0006617863149977476,0.002706262764596564,0.07518025097492136
3,78,SRS,0.015850330631216606,0.0023691470973213383,0.0006295231082436937,0.0031557719827599584,0.001038975263554509,0.02034726883712175,0.1926569870504368
3,79,PCA-QS,0.005168417824455664,0.0022356985865977213,0.0006174728017825658,0.0026010605413491206,0.0007570574991938861,0.00525408620897061,0.13062971829637626
3,79,SRS,0.01893623719291127,0.002749859827637296,0.0007232968669785891,0.002569627445900391,0.000837718765576978,0.022177487140381025,0.06197342323696512
3,80,PCA-QS,0.00451126514405301,0.001777277534552898,0.00047733704817455044,0.0011878165232435123,0.000560143803224028,0.003971308968873742,0.04702187716212855
3,80,SRS,0.01520552865423426,0.0033340580964910864,0.0008643726434410274,0.002262058571013803,0.0008642935069171076,0.017176968289355228,0.037605072165779393
3,81,PCA-QS,0.00625989424519622,0.002087268901326948,0.0005520997018201048,0.002471871385969937,0.0011468584901552226,0.008564140301752298,0.19403404229282134
3,81,SRS,0.024928825088714055,0.0027732042439202287,0.0007338189272299549,0.005186491614984412,0.0012221495866091836,0.035369554272143104,0.06158209758317967
3,82,PCA-QS,0.006084320683028349,0.0020679474796846987,0.0005627142743467717,0.0012361215987883867,0.000683337509300358,0.0031090758971091532,0.10202871789841642
3,82,SRS,0.016169523117201146,0.002984419097631762,0.000790083127841053,0.0026441292613532674,0.0009148759105413184,0.024082715803547823,0.039429845897218346
3,83,PCA-QS,0.00729876899164365,0.002184898078669112,0.0005871761011009419,0.0011214831776884537,0.0006558657943050994,0.009430748600628659,0.1463677973809896
3,83,SRS,0.017716366494720862,0.002649795099298394,0.0006902173008435063,0.0017742310214239332,0.0008951745954029755,0.017484721220687064,0.06292557186462344
3,84,PCA-QS,0.005990096785061505,0.0024306038921325657,0.0006474232400153351,0.0019429426926453885,0.000816187206291008,0.004283222741904169,0.040439817590345456
3,84,SRS,0.01838767507814276,0.002471665333220799,0.0006557453140910138,0.001619796872268875,0.000867655714546639,0.026558280890975856,0.1065587230606389
3,85,PCA-QS,0.00566958623986871,0.0021582327405798075,0.000586215602081436,0.0011718797881310472,0.0006362920351390966,0.010039697660538452,0.09636698407702139
3,85,SRS,0.015733246775342744,0.0032392506686857382,0.0008382156632146999,0.0023357402569104124,0.0009265722113177277,0.013025795174955127,0.04228193244942181
3,86,PCA-QS,0.006755603840771633,0.0025293544007143095,0.0006432133651065745,0.001502627628410469,0.0007573255099514731,0.0048772041861384775,0.1533364013426549
3,86,SRS,0.026353559768884077,0.002916633361588693,0.000764511746877032,0.003459300357372186,0.0009479347477031885,0.03592061559109658,0.10703720625154706
3,87,PCA-QS,0.005720340187049034,0.001746141291460605,0.00047253664603772393,0.0013340145274973736,0.0007181185111299893,0.0018704228966776998,0.10257243344728481
3,87,SRS,0.02126669314656458,0.002976827330304324,0.0007978527603814883,0.0032268523699667817,0.001167559928344497,0.02231496926651906,0.02003968037800425
3,88,PCA-QS,0.005785435059798334,0.0017774334684124019,0.0004683138244897615,0.001315945965444154,0.0004780525603207131,0.005217875739023168,0.1447482953988947
3,88,SRS,0.016785414296945047,0.002192167581218029,0.000572444720782966,0.0021762492074377526,0.0006752431782600932,0.01637421077075887,0.020567184331661263
3,89,PCA-QS,0.006127014770898906,0.002139525234186664,0.0005729257755908996,0.004808855578977589,0.0009560743488369328,0.006838536017812543,0.049056293113552855
3,89,SRS,0.018094480213693722,0.002609011918995557,0.0006743306972886108,0.006318293687455956,0.0011405770693376505,0.022939395167291002,0.030233887272373503
3,90,PCA-QS,0.006997727705503696,0.0021974672870837893,0.0005829500179312685,0.0021601795921535327,0.0007177104009436774,0.002683724516427873,0.06449023861863278
3,90,SRS,0.016744085106491002,0.0029677083617738686,0.0007702260569927569,0.0016245558447978148,0.0007295502423496636,0.01766885578615811,0.042464832884471254
3,91,PCA-QS,0.00781919968881196,0.0022804297100857784,0.0006246430729725253,0.001325015184443945,0.0007335529849748501,0.007512861722442487,0.07924031107119787
3,91,SRS,0.018971942892374624,0.0027936290509218004,0.0007212984221120953,0.0023047032947101087,0.0007784756093628942,0.017257493706470037,0.028121673400901666
3,92,PCA-QS,0.005181723108978839,0.0022775419031923357,0.0006144827177468078,0.001789504562525135,0.0007038399706518483,0.0069370066291012215,0.07466528156461107
3,92,SRS,0.019255289053999626,0.00230055034333889,0.0005981930676375117,0.0015500254312965644,0.000726492290205133,0.017431212490320702,0.15158405329592925
3,93,PCA-QS,0.007017001193048925,0.0027074361764197357,0.0006986084998805916,0.0011961904941157897,0.0005022867587357316,0.0030811733454781803,0.05871677841496415
3,93,SRS,0.019068394337228234,0.002229594871174231,0.0006126478146348923,0.002133589152453208,0.0006597566956195733,0.019926444634448415,0.08669695657416197
3,94,PCA-QS,0.006566299503012203,0.0021261971686462673,0.0005778318456386048,0.0026379596624517276,0.0006546508647072291,0.0038163418523341954,0.13391588177386785
3,94,SRS,0.022416031542663587,0.002577138368351656,0.0006762623909552746,0.002343295840526949,0.0007856611663871749,0.02943709163353658,0.03933146688792928
3,95,PCA-QS,0.0060146506557133585,0.0022445863848931254,0.0006005062013563237,0.0023521069499237157,0.001030425460718326,0.005743517231550758,0.17666326398719073
3,95,SRS,0.022344054420714368,0.0026004628337611504,0.0006745479692007142,0.0027271476310510856,0.0009463961072436744,0.02608929568127317,0.0758112586731529
3,96,PCA-QS,0.006738510547699331,0.0023882513443198726,0.0006610698413793654,0.001748243418046691,0.0007013566745890376,0.003912037913782684,0.17223532814388576
3,96,SRS,0.01668462236020999,0.0028186095239276393,0.0007552495834166007,0.0016796702445143197,0.0007730385980639909,0.015399636954114412,0.07867853540217079
3,97,PCA-QS,0.006126707916576897,0.0018424849524286532,0.0004894025204876829,0.0019815170538999283,0.000630533325932825,0.005632902335923062,0.11740093777448139
3,97,SRS,0.024155595683620485,0.003327031878865913,0.0008697805698676945,0.00561933302820572,0.0012049184141864067,0.03871958366661638,0.09571152660147554
3,98,PCA-QS,0.0059831513124147225,0.002355260575899056,0.0006295481011326707,0.0023750837300604566,0.0006396055620575269,0.004172721773175268,0.05368188360328284
3,98,SRS,0.016444971732508373,0.00254572022035209,0.000681074810511622,0.001918761615542941,0.0008334252232624906,0.01449796433928942,0.15751763813658176
3,99,PCA-QS,0.007245551753769341,0.0026850933131849024,0.0007233125151443262,0.0021664885186423177,0.0007043643711565628,0.008628328012676925,0.1414349997858983
3,99,SRS,0.01610304052808499,0.0029119804901565588,0.0007968701898367505,0.001967222282798886,0.0006431804285511877,0.021773809510845173,0.0782136127144124
5,0,PCA-QS,0.04544430627504025,0.018648210305935428,0.004293102091902125,0.0034545698133241487,0.0016556470698284587,0.04433425959401374,0.07315235523822305
5,0,SRS,0.016566121575459357,0.002824541220047485,0.0007370423077381635,0.0022786133450658497,0.0010698278179422545,0.03065628971875183,0.11513331096761331
5,1,PCA-QS,0.048842169701963145,0.0228381140366596,0.005142437860728327,0.004312374951016551,0.0012541420923609103,0.03963469319820023,0.16044306108778209
5,1,SRS,0.015426775800956518,0.002936522922014657,0.0007660411639840603,0.004281438450216335,0.0009662796786646666,0.029928125107027463,0.08307834571585551
5,2,PCA-QS,0.04126566460297222,0.022878164907457706,0.005202756831653081,0.003552140208630039,0.0013889839287608702,0.0119882460765638,0.06700712854146133
5,2,SRS,0.017474355012276885,0.002748374283951134,0.0007214120416048159,0.0035173387761608943,0.0009489523544221473,0.03213256002159324,0.06468491435932293
5,3,PCA-QS,0.048274786172412834,0.02103932778980403,0.004874393290568638,0.004758902618410499,0.0016852954165358716,0.030568565864074533,0.21568843848053948
5,3,SRS,0.017565618833393165,0.0034788949888345396,0.0009155691650739433,0.0025699741449014546,0.001027929765380079,0.02671761292222621,0.17520652187828456
5,4,PCA-QS,0.04612035786464772,0.017301043267858623,0.0040432422049969515,0.002299084411569563,0.0010778373720353382,0.029512588946936594,0.07975002715775524
5,4,SRS,0.01564158133843028,0.0031626549582892973,0.0008414324765905828,0.003267108039381128,0.0009558155724819287,0.019067747285828787,0.023495006017573088
5,5,PCA-QS,0.04317344448115208,0.019083104936521107,0.004490438391795517,0.003690586068014312,0.0014899512976538146,0.012478508027744691,0.11241191696455155
5,5,SRS,0.015273993131739582,0.0028532650244825286,0.000752367561051867,0.002433030891982657,0.0009200595331946837,0.02376504026710335,0.05977178708021822
5,6,PCA-QS,0.08502106439020579,0.03398251971808904,0.007873774946671038,0.016999699667303858,0.003177852158172116,0.08860699907544825,0.3057078431317155
5,6,SRS,0.016409619858146856,0.00263190818293988,0.0007044660756505509,0.002262816278491897,0.0009157620994403454,0.02682533727721165,0.051139485841071496
5,7,PCA-QS,0.041134909589792684,0.018343841563766367,0.004257216950348875,0.003078115391923486,0.0011577340568806188,0.030612126918248425,0.03824610883029662
5,7,SRS,0.017383127874353893,0.003329254639709781,0.0008621849505659335,0.0029177815374707983,0.0008789241567045795,0.02482775227727181,0.11417417969405173
5,8,PCA-QS,0.05272299853647825,0.028389040254146635,0.006653740225745145,0.0026133479978209806,0.0014118326859551694,0.037088393571724595,0.11697862938754287
5,8,SRS,0.0158164900333654,0.002816155505417024,0.0007311407948051718,0.002112979920740443,0.0009100267407358073,0.02304905027858787,0.0652504628378083
5,9,PCA-QS,0.04434072478725692,0.017014852320990127,0.00403813310737775,0.003980908514644277,0.0013516823534439754,0.020057275801311,0.061427960471889545
5,9,SRS,0.015092932520060725,0.0027211445371441044,0.0007156098148977887,0.004597062464996693,0.0008880198854097077,0.02501236561286617,0.08382921974812223
5,10,PCA-QS,0.08591885006430793,0.03199365337933009,0.0074188487100045036,0.021190572670729324,0.003202404695882212,0.07353285439168253,0.1558879541300951
5,10,SRS,0.014873038221640756,0.0028220166244273676,0.0007429762853820457,0.0019236193631391174,0.000905603768482123,0.021568631682732556,0.017780005366200724
5,11,PCA-QS,0.05483144756559292,0.029193398994347242,0.006821035552975094,0.0037316784890020216,0.0017476502053599373,0.04535666258509292,0.12169953616901777
5,11,SRS,0.014782039192413058,0.0025646340238244993,0.0006827934470070504,0.002543142084145078,0.0009450481545182354,0.028487944396196552,0.12376937876367851
5,12,PCA-QS,0.045538384973429914,0.018360052298710704,0.004383274167811787,0.0025242378703596025,0.0014240151651612604,0.020977491868523518,0.035574857970036705
5,12,SRS,0.021526609984146364,0.0030700036500135846,0.0008126748869710041,0.0022497163415153842,0.0009049942595800269,0.0353042688392147,0.20710281405629086
5,13,PCA-QS,0.04308836453708433,0.015363304405067668,0.0036331537230376207,0.002699399549810799,0.0012590892367975448,0.026662977590692177,0.1842562123907688
5,13,SRS,0.0266465256920879,0.002571158603509176,0.000680604503643088,0.0032497386915468773,0.0010074096541288075,0.05305039665630368,0.06190074983950517
5,14,PCA-QS,0.08384533304313198,0.03175462480845178,0.00740143929056535,0.016157881554844877,0.00296175529166625,0.08307412653556766,0.059071124212073146
5,14,SRS,0.016783293110205738,0.002779904837085339,0.0007229667514829926,0.004226214331547684,0.0010989535878888346,0.03238743325198613,0.03669552543881238
5,15,PCA-QS,0.05101820045358889,0.017629492876580315,0.004221293363207309,0.005841850829976014,0.0016182018704759063,0.042343526284190885,0.05561202388152076
5,15,SRS,0.017624669110924796,0.003259665044532743,0.000842383117800697,0.004611819522492233,0.0010256500985522596,0.025048340197451807,0.05901664422623563
5,16,PCA-QS,0.05658361709743111,0.0184055594691144,0.004377567803373969,0.004201544934852475,0.0013713720420070602,0.05313547142326553,0.1885007282834648
5,16,SRS,0.016344321187418347,0.0026291075257218843,0.0006935731949199513,0.003782654115278117,0.0010086766876293216,0.021557617486580402,0.06386083396383614
5,17,PCA-QS,0.05615809267452253,0.02914265202511937,0.006793259168305729,0.005463489784343523,0.001726906786017935,0.02731116178528436,0.06583355929477962
5,17,SRS,0.014473450407642873,0.00256611428895846,0.0006815756159608022,0.002628919574589439,0.0009322861895948095,0.021145029196305,0.10924797782093797
5,18,PCA-QS,0.04010357122924903,0.01650246474460442,0.0038509540002560454,0.0053712068307225636,0.0011834837110604284,0.036309809454497084,0.08441349676247747
5,18,SRS,0.014300537893257817,0.002518386705416352,0.0006500957871543775,0.003982015062275135,0.0009005136057091759,0.022830800839151382,0.051511141778155294
5,19,PCA-QS,0.047372287433279495,0.021232819777532875,0.004857923185523246,0.004364863058943236,0.001316178955064154,0.0427076738939557,0.07634868640107273
5,19,SRS,0.01609213652752156,0.0027622143458834528,0.0007369886401451033,0.0043456498293270585,0.000945683572716207,0.022812630728035476,0.04514329841808662
5,20,PCA-QS,0.04952516654865054,0.02055185833553157,0.004717920317136099,0.0037013707553419373,0.0011618497466884606,0.0143262401164768,0.13880002179737833
5,20,SRS,0.019846449094937584,0.0024980349801935913,0.0006663430713468375,0.003127967186024261,0.0009798950045320463,0.04289665186604664,0.12893490473333474
5,21,PCA-QS,0.04605444720590116,0.01829582446360988,0.004332260066474537,0.002803083610753543,0.001447779917506456,0.01409933329666092,0.10139639998541304
5,21,SRS,0.02119459978543052,0.0026399440724728844,0.0006833228783916159,0.0025751253766044258,0.0009182403022288434,0.04099174534004766,0.19901962446166627
5,22,PCA-QS,0.04948841273650264,0.020583818466660502,0.004743641364181339,0.003551766145694746,0.0014025691929558035,0.0440761194142047,0.1233012682303142
5,22,SRS,0.02162079958051057,0.0028595986050049356,0.0007478685262212483,0.002654381996227695,0.0009477357637037512,0.03755604250302928,0.027822355133301682
5,23,PCA-QS,0.047858406429373855,0.014570561184394117,0.0034468811051861213,0.0028358556693333092,0.0011939090843260253,0.020586392012177598,0.21593903569718984
5,23,SRS,0.014228879404416469,0.002556363039837299,0.0006843160197771328,0.002197886737625776,0.0010007785408944272,0.017822067628897133,0.08531969025419023
5,24,PCA-QS,0.05071844155621115,0.017893847726455015,0.0042656713553219676,0.007284689422580204,0.0014276438434629862,0.026708096244091473,0.060194428801732584
5,24,SRS,0.016725586156352796,0.0028003283678376414,0.0007346639521259878,0.0031584645802258393,0.0009490572702443162,0.024801956873564842,0.023249650221544647
5,25,PCA-QS,0.046387396063886005,0.019609553553934712,0.0044902566772170435,0.0029958121316444597,0.0012546584360538585,0.04113781039458214,0.11516692084866637
5,25,SRS,0.014900815450503974,0.0026729125319867363,0.0007044496768308686,0.0024011488739530407,0.0009711224751363622,0.021832140171298343,0.07974008815788038
5,26,PCA-QS,0.05902117216092836,0.028660363305708803,0.006899123618154349,0.006302854512534317,0.001567237120348921,0.03359816382916657,0.08652675511616212
5,26,SRS,0.0180860209054148,0.0032004650100481676,0.0008431543400325332,0.002218100222276309,0.0009440869457652025,0.033106597251669985,0.05018395010605396
5,27,PCA-QS,0.0476324456291008,0.01770538626615188,0.004172503014981205,0.00471486908952512,0.0015333214306533852,0.026136086356348766,0.09233531777859298
5,27,SRS,0.01907644711982051,0.0029295404451003854,0.0007692977094057067,0.002162225782790461,0.0009444032927778505,0.04191054869829175,0.054574634679845
5,28,PCA-QS,0.09599995817382287,0.032220913827332845,0.007515983219386074,0.01692784922186652,0.00276406116083517,0.10932198738104869,0.1151495673396439
5,28,SRS,0.019367526690658922,0.002449964508098413,0.000649058863492677,0.00209445609823522,0.000998556387684122,0.03198737270582798,0.076571996610863
5,29,PCA-QS,0.04724061502264605,0.017581382051775268,0.0041999617179838585,0.0038696953036199133,0.0015259772230170887,0.03993070284411439,0.1040001931387083
5,29,SRS,0.016700145600538393,0.0029804154745977636,0.0007829762528462295,0.0017703776536301952,0.0008867152339847376,0.022494935528335334,0.071449054689254
5,30,PCA-QS,0.04027353553934866,0.016715971325734397,0.0039741123293137014,0.003660844479103531,0.00127927218674017,0.021790279330099548,0.023592770353438767
5,30,SRS,0.018224717526220627,0.0027794621891686693,0.0007239228835974807,0.001975109929324148,0.0010344245298570566,0.025872903601158175,0.15005255972079212
5,31,PCA-QS,0.08300835934955672,0.03277891358217752,0.007601758153259362,0.015468459580145755,0.0029486576357118863,0.05518050204226677,0.12422428876391264
5,31,SRS,0.016663553214700255,0.0027808018009546475,0.0007344009155574943,0.001868091348095735,0.0009683701869185393,0.03270070811724217,0.11020556436631451
5,32,PCA-QS,0.04868235927643,0.0169189060882285,0.004082823624934432,0.004556809361242475,0.0015550601015009852,0.03171382404297496,0.06892234266196869
5,32,SRS,0.01889663059033014,0.002414596083524234,0.0006372408044865954,0.0029314744687494176,0.0009926340187327715,0.03519344494794754,0.0853990638108028
5,33,PCA-QS,0.0445953608879867,0.01997072069510794,0.004653372006118343,0.0034156696897338357,0.0014151593464937773,0.0291133250468265,0.07280708907698322
5,33,SRS,0.01968709963299325,0.0028220670261900364,0.000745316889478104,0.003554888731417627,0.0010079390533282336,0.044387073166932266,0.07973755696057824
5,34,PCA-QS,0.04524978888229855,0.01660450795836806,0.0038930925758363507,0.0045776983341756505,0.0011468383476390537,0.028999473652963455,0.06319298900812359
5,34,SRS,0.0172059017325876,0.0031910061329921526,0.0008368264959575614,0.0033475479916234008,0.0010567505066791383,0.024629449962372655,0.09614915433258596
5,35,PCA-QS,0.048925982417730815,0.015717439960662008,0.0037839720706493393,0.0039948763375026175,0.0013251721332530678,0.03645519943567886,0.17740638853810325
5,35,SRS,0.017771546652699782,0.0034634190432580106,0.0008936986030452605,0.0019517342721568909,0.0009472322357828647,0.029822665505216284,0.04080479754189056
5,36,PCA-QS,0.04773309080057368,0.019409119195482747,0.004507912304650168,0.003781656136780942,0.0015595811077579527,0.04183073585341882,0.21296267952901082
5,36,SRS,0.014954662143223097,0.0024520563320633145,0.0006437577088506535,0.004169562133604199,0.0010182876646571068,0.02207526703316959,0.018528775901017668
5,37,PCA-QS,0.04318923176989696,0.016950709651910572,0.004001673454090764,0.003218339024206429,0.0013366705282559163,0.014853155092622573,0.13993664818161342
5,37,SRS,0.018229312944094175,0.002802578703556611,0.0007392861861630729,0.002193355888820303,0.0009628835384667411,0.026705052836418542,0.024521056657282114
5,38,PCA-QS,0.05129975680366926,0.018473601304709406,0.004320565103160175,0.0073554390784305035,0.00139292373354713,0.06836476575490887,0.015244037792356929
5,38,SRS,0.020748958437198112,0.0027058508420190423,0.0007144789286478373,0.0027384014309630444,0.0010484047652565276,0.04759101702981326,0.08422437480189854
5,39,PCA-QS,0.04939572510223485,0.0187844409472158,0.004402853946743879,0.0033759655691678603,0.0012833259002295802,0.035781224338606074,0.19478927601840235
5,39,SRS,0.019607542225213024,0.002756978948754965,0.0007217289062218477,0.0027980703230725545,0.0009404149561359314,0.03150088084085307,0.06384210416901817
5,40,PCA-QS,0.04550463465763742,0.022912045266387404,0.005392791294137755,0.003531974957008188,0.001556899593434545,0.026758740326976973,0.028364201453619967
5,40,SRS,0.01828744733554829,0.0023755328633554207,0.0006255912398894635,0.003481033582501958,0.0009329340800901392,0.028551530748161004,0.07188044811945385
5,41,PCA-QS,0.04399446823108937,0.01709176024422871,0.004025847208714804,0.006088437984477668,0.0015304524582938246,0.015476431895520793,0.08989829903482255
5,41,SRS,0.01967439801261315,0.0026338532374559874,0.0006983450476041438,0.00348387368136871,0.0010170206011608299,0.03884182345115905,0.15935660370634105
5,42,PCA-QS,0.05327872536053015,0.027994561367184045,0.006568347195923391,0.005077672417296952,0.0019402127643002864,0.026296626136892032,0.1265140411473702
5,42,SRS,0.0187107242483927,0.002863740817586952,0.0007620228509293,0.004553232722873002,0.0009552552333197926,0.03505662779663774,0.05381964239993793
5,43,PCA-QS,0.04565420745103292,0.017533516262144583,0.004059793759992788,0.004148955412734967,0.00141560912046447,0.03421566940763567,0.07483190412414834
5,43,SRS,0.012281893043903924,0.002447231141644945,0.0006457797816670411,0.002918748286541817,0.0009512187057260542,0.014720007319778034,0.045708265331014124
5,44,PCA-QS,0.07307433092861926,0.03362082248979342,0.007695212074952988,0.020379162743616952,0.00303892554086644,0.1052672310033899,0.14748125119215655
5,44,SRS,0.01671544901067664,0.003365362815988207,0.0008629321356041813,0.005661580946414446,0.0011904863681376776,0.01796357153351685,0.02844666472075469
5,45,PCA-QS,0.050380231919545625,0.01795346083505852,0.004233694556876527,0.004837059409424693,0.0014234332594766225,0.03366645351686972,0.07312967456290176
5,45,SRS,0.02087275900714132,0.002951659974508943,0.0007711849779060162,0.0019440542206980993,0.0008958354865862758,0.033246141119018705,0.0936564092037258
5,46,PCA-QS,0.05913671769905796,0.020482671000612924,0.004963925346262528,0.008030184561197196,0.0015357513936819917,0.05758059887309026,0.25103632714716034
5,46,SRS,0.017499657404067066,0.002879489636436499,0.0007541782408431544,0.002802908859704356,0.0009461680380541265,0.026460000230049303,0.16426957093283898
5,47,PCA-QS,0.047585142155799794,0.022219054648125437,0.005015895822086809,0.004263604114087105,0.0015801899826796348,0.026666009007792788,0.1450891240066562
5,47,SRS,0.015032626530448706,0.0025976722302605143,0.0006938897214500866,0.002626488725376408,0.0010919110764696406,0.01668705163295991,0.05514141576771869
5,48,PCA-QS,0.04950650973907109,0.02054423481699449,0.004752439562500528,0.005061715785612986,0.0012999927220955915,0.032543371818709366,0.10706540482956094
5,48,SRS,0.02356559361540072,0.002592722901790964,0.0006781235304548895,0.0031857658729990135,0.0009695716068743414,0.04968747838598018,0.15338253131492688
5,49,PCA-QS,0.04563953160887448,0.021220319390242805,0.00495828030776216,0.004443946533636556,0.001377362125560548,0.027126150671569663,0.07784681575890691
5,49,SRS,0.014501652576038557,0.0024902210045254346,0.0006620016730389946,0.0023409996937329147,0.0009198928376165025,0.01822456911010955,0.08748640269848647
5,50,PCA-QS,0.07581338048903358,0.031169484802222112,0.007228231380543243,0.011613520742289829,0.0027955205342032052,0.045102247342500096,0.1901343810947909
5,50,SRS,0.018428342005849627,0.0028363924031284925,0.0007495092556712388,0.0043585868022160135,0.0009778380419780026,0.04151257007326563,0.12138891257968952
5,51,PCA-QS,0.057578312823140874,0.01942351774464885,0.004645973042168125,0.004316986651685006,0.001722099465926226,0.04361368370847127,0.14438639609189016
5,51,SRS,0.01593406124598733,0.0024324377939498746,0.0006512590648996441,0.0033354634830966567,0.0009828937383016129,0.023882615644522962,0.08493219916965605
5,52,PCA-QS,0.044320850561486096,0.017971547999290627,0.004301489532005311,0.003659281300791406,0.0013884103381629487,0.02793440082296212,0.11157224895387911
5,52,SRS,0.022970511787841978,0.002982346449188606,0.0007779196750195996,0.005176501075914608,0.001052143567972258,0.05422655081900238,0.013798359382811445
5,53,PCA-QS,0.048339515624758855,0.01829326636929431,0.004339108025429419,0.003984842847419845,0.0017194134332216074,0.040717676658693885,0.1603231484928033
5,53,SRS,0.018019648544493,0.0030526287951707443,0.0008036778950011048,0.0034408895136404105,0.00104354727473039,0.027419402515766703,0.203340192087696
5,54,PCA-QS,0.04630224128801895,0.01898931799615882,0.004364104981432795,0.003658058838801548,0.0011740473710045649,0.04366773967759855,0.08930188991348045
5,54,SRS,0.015716295057784196,0.002107020605532333,0.000567158547105661,0.004127514761669726,0.0011186130832255003,0.020359100798973677,0.03143849847894924
5,55,PCA-QS,0.06068728156963767,0.018128324986483854,0.004353965187913826,0.007123418788338665,0.0016841648861637484,0.06366201744930935,0.045345561574016806
5,55,SRS,0.019119411617879195,0.0032144591959474104,0.0008417449058553724,0.003223574445496702,0.0010517809832532622,0.02753946409703063,0.10772532397429814
5,56,PCA-QS,0.04736060513697743,0.014964046575553874,0.00365167036870123,0.0045130077232089505,0.0014370791062153256,0.043360061532069887,0.24138422475528248
5,56,SRS,0.019720574805792358,0.00282788704820805,0.0007489581182901072,0.002275525464172201,0.0010176288931217845,0.03186146246195428,0.032622175210810796
5,57,PCA-QS,0.04303193475546204,0.019059052735786185,0.004485318188026418,0.004067006178969379,0.0012550592787409845,0.024839298925508395,0.10463568853274868
5,57,SRS,0.013459558844298291,0.002455922536655538,0.0006533042031252603,0.0026854616971259127,0.0009176006762095269,0.018027881889061247,0.02427099478963886
5,58,PCA-QS,0.04199257806342741,0.017088998554597005,0.004055577262120775,0.006351051587936141,0.001722882253493048,0.03035289291878096,0.06617565116661435
5,58,SRS,0.026531754601846192,0.002983468179886984,0.0007818619410713514,0.002966673700159461,0.0010086388590738148,0.06114902711907468,0.1738333138997258
5,59,PCA-QS,0.05000782565375954,0.01779215014347883,0.004225004904429347,0.005995856733313598,0.001905573979993802,0.0419227098558338,0.07526032844241905
5,59,SRS,0.020969630139697264,0.0025631763482377562,0.0006633998208723211,0.0038178348304764853,0.0010044030801894324,0.029980275169384632,0.02248364094093372
5,60,PCA-QS,0.07230683649290118,0.033231451604533294,0.0076377379625002075,0.02085620298383173,0.0030031349028557565,0.11050320386830982,0.09995192856730531
5,60,SRS,0.02072961586637422,0.0027983252638161685,0.0007330666504257372,0.005853434649283784,0.0010660720094395996,0.04005710348677659,0.03680570582247163
5,61,PCA-QS,0.0817591431938086,0.03290180772028373,0.007649404507797078,0.01677247094430445,0.0031819788918696357,0.06385551250031597,0.30443148403133313
5,61,SRS,0.014457490056395622,0.00272823943249072,0.000727435689254455,0.0022248926531727165,0.0008751537414985085,0.020938664096637215,0.033979531472341305
5,62,PCA-QS,0.04831534767429989,0.015191041163742378,0.003700295960450222,0.00538277472406179,0.0013508513861735308,0.04589845372891459,0.09470705180043058
5,62,SRS,0.01883132886439124,0.0029824814514772193,0.0007831623625946208,0.002014382622663291,0.000906054482641791,0.027019901494094462,0.02987085392050921
5,63,PCA-QS,0.048152469302662336,0.018139113110789893,0.004256705296191418,0.0031160211541285676,0.0014909095708263778,0.025888086163681507,0.0935766018579676
5,63,SRS,0.016094473420672793,0.002644286688221083,0.0006979839335999958,0.002829946846940601,0.0010431516950719644,0.017178450649246196,0.24726087237985442
5,64,PCA-QS,0.08354283570707186,0.03241061549626133,0.007534604494875608,0.016936596063994003,0.0032019679381181596,0.07493434230117507,0.0916054844020838
5,64,SRS,0.014786533985929069,0.0029272658299430766,0.0007670489969609456,0.002203132970021837,0.0009309726753904818,0.021091763657074485,0.03440086188828408
5,65,PCA-QS,0.04334437752886229,0.017977635463027893,0.004242407815911698,0.0029692759700474802,0.001676645194369289,0.01811398140565507,0.13226043049863137
5,65,SRS,0.018846064937312827,0.0024010640466965998,0.0006336959090187721,0.0021935993998831727,0.0010260455563363344,0.0287753018538303,0.04645864984822072
5,66,PCA-QS,0.04525123087420168,0.017082382394999183,0.003992816464430926,0.003329890776892608,0.0015720128837626787,0.02093983061562644,0.025062329209240487
5,66,SRS,0.017274641824833965,0.0029567820003352572,0.0007723511663383619,0.0027139275655940764,0.0009627730529279191,0.029792695215962155,0.04455597419293911
5,67,PCA-QS,0.04781187058792865,0.015292132634055908,0.0037099644008707204,0.003665879978748343,0.0014190481463069726,0.045476204965373364,0.12234914091670027
5,67,SRS,0.013222128396949973,0.002252456079752746,0.0005905030064291967,0.0023907536783824845,0.0009890866597737254,0.023928446097212966,0.2725957100822767
5,68,PCA-QS,0.04379567125539175,0.016095325212759186,0.003737375736995883,0.0038468764093848584,0.0016175286814029619,0.0258860240236119,0.11833796549925467
5,68,SRS,0.020462497717965246,0.0028771438535220633,0.0007469997303682514,0.003857608352825448,0.00100360661269637,0.0316338359125218,0.0657804871221454
5,69,PCA-QS,0.05264537041852574,0.015998262835805993,0.003885473460200249,0.004145227177295041,0.0016726151610263716,0.05577452168361132,0.14337276603568958
5,69,SRS,0.015451482788177895,0.0025776620302676396,0.0006716349672750876,0.004400739548271471,0.0010554555572679508,0.01964020746562735,0.056652605286559646
5,70,PCA-QS,0.04590545871792927,0.017502355893837956,0.004124720037966435,0.004074585312242807,0.0012039469966056912,0.02800498905569596,0.16191854970847444
5,70,SRS,0.01821172377237098,0.0027277766831074785,0.0007173397446985929,0.004173071756174984,0.0008828300516046661,0.03440882777509327,0.042518835568796855
5,71,PCA-QS,0.04651500798406968,0.020293786332693395,0.004762240612094912,0.004172170114899565,0.0013563438865894784,0.03238510619555794,0.043037455006943885
5,71,SRS,0.019795926018359594,0.0022880976869169753,0.0006031537880123589,0.0029290832586026383,0.001077263458185724,0.033501270635387326,0.08315817956570305
5,72,PCA-QS,0.05302815295725786,0.017301982040461808,0.004153783622687835,0.004834387568295462,0.0015476933864253875,0.04513092628920471,0.17864676842730604
5,72,SRS,0.019360701119571964,0.0027010189311244366,0.0007231091618170377,0.0024487821518826003,0.0009273937000433968,0.03149964052995331,0.07390815031604313
5,73,PCA-QS,0.0868668974976772,0.03455605977046054,0.008017087836744782,0.02493043059366329,0.0033676269291993445,0.08807831644352941,0.1609610340743107
5,73,SRS,0.014793081663486154,0.0026995989798379687,0.0007117429351457663,0.004528837878798431,0.0011304806932885686,0.02069054982398163,0.026490152692500418
5,74,PCA-QS,0.04498016110181254,0.01803691600208196,0.0042170759445107325,0.0038559809872453776,0.0015902338188219164,0.027121527903364348,0.08010152120103396
5,74,SRS,0.020584700211219074,0.0025806028876069645,0.0006927831396669266,0.004925482809232662,0.0012696451108861473,0.04036652554085478,0.07647905618257024
5,75,PCA-QS,0.042068181416496035,0.016803026345155878,0.003895370122656805,0.003832365705502383,0.0016024496838192778,0.024314823817414104,0.257399469570302
5,75,SRS,0.01539299316860406,0.0029180369081348513,0.000776529589474358,0.003484559623705419,0.0010170060830700656,0.017349755663688262,0.06554818691275156
5,76,PCA-QS,0.050576041835496965,0.02154013498157282,0.0049239582599975235,0.0041688022339601005,0.0016006938985744304,0.028603734908187954,0.05959103708786292
5,76,SRS,0.017670274177496927,0.0022606457098562262,0.0005898689747678998,0.0023390235341507193,0.0009572168694882838,0.029481285566287943,0.12284251063148283
5,77,PCA-QS,0.04618579964428459,0.015365779639516523,0.0037386509321591576,0.005601524598161767,0.001284519284020326,0.03145528660072683,0.1474585027155493
5,77,SRS,0.01105578108632706,0.002237478304957562,0.0006033608632080315,0.003030260669036444,0.0010132654262130086,0.010669001191843545,0.14765395546887444
5,78,PCA-QS,0.04437230887615538,0.01839484899428818,0.004376672085789962,0.005917516935701972,0.0014848318139813466,0.024998601988860357,0.15102897646744035
5,78,SRS,0.021958506959387353,0.0024000356110606726,0.0006279490744531083,0.003100494363270645,0.0008819700749079888,0.04687998450128921,0.03538212570133774
5,79,PCA-QS,0.04452768861193708,0.019530348497190392,0.004446870183627578,0.002055717999991824,0.0012658721322037284,0.026708725330951956,0.07860827548353999
5,79,SRS,0.014489398039289364,0.003158748016475995,0.0008305024790060524,0.003352020161197622,0.0008976324736845245,0.011330541318448557,0.07234316852573612
5,80,PCA-QS,0.04882565938235874,0.01583192687806217,0.0037894678141301664,0.0029366114621240946,0.0013760461094757606,0.032156282177792136,0.08324364733862955
5,80,SRS,0.013124938042860334,0.0026369950765695546,0.0007127729199378534,0.002034240019503475,0.0008932032846254434,0.013609038545679006,0.030612115381764823
5,81,PCA-QS,0.07938711360199144,0.03436580908104757,0.00795977252713308,0.011701468292466544,0.002830838933348692,0.07610702348935491,0.05246741452561945
5,81,SRS,0.021668507944474814,0.0026549632731865847,0.0006977185463516115,0.0021065088958991396,0.0008523028616007761,0.03800512963136568,0.05777014162150726
5,82,PCA-QS,0.04679833931423383,0.019114276552923616,0.004392427892886633,0.0038721790374260934,0.0014756520380420218,0.02449973867868615,0.08047455114693604
5,82,SRS,0.01694999081926909,0.0025545806170699666,0.0006722683874056108,0.0025459105272607196,0.0009400143223192228,0.028071183123803526,0.10076415793016269
5,83,PCA-QS,0.04238536161986412,0.0168442829465262,0.003974897732622414,0.0028550581582145185,0.0012607933052529302,0.03473448287541564,0.11759690942427815
5,83,SRS,0.016703888717290817,0.0029675041204632424,0.0007737639691051772,0.001984202270759461,0.0009738126768983335,0.025120086604003403,0.06427438309161904
5,84,PCA-QS,0.04470778224598626,0.016380087827822642,0.0038343055377787656,0.0033630546044660647,0.0012796641805777262,0.031599054354041596,0.09040908313555342
5,84,SRS,0.015840442648541227,0.002334993890361585,0.0006299704282088688,0.002217496301725852,0.0008207013750474203,0.028901151267675333,0.052790050687202814
5,85,PCA-QS,0.05253461602168831,0.017959399322847187,0.004311626025463611,0.003872326288468564,0.0012246736424587137,0.0495177567182159,0.1627939285898352
5,85,SRS,0.020844696963863,0.002555527731699577,0.0006711852787390978,0.003909258470419896,0.0010099214266701823,0.031421152130398776,0.04838158637146965
5,86,PCA-QS,0.047949531751696015,0.017118462033025805,0.004113730725330376,0.005960247993809009,0.001662371760403146,0.032137261474387474,0.08401331102044039
5,86,SRS,0.022855000506311063,0.00231730527428153,0.0006191079967832567,0.002764463333544853,0.000966420803552092,0.03768603692739587,0.025387121619845698
5,87,PCA-QS,0.04882112192084374,0.020907558919814773,0.004787284474251802,0.005663014513307196,0.0014509658533363862,0.03434119816932278,0.08505933776000876
5,87,SRS,0.01679290289920153,0.002528354368937031,0.0006714434338767918,0.0030791231201567903,0.001040603638376443,0.02534184386036436,0.16175401137463255
5,88,PCA-QS,0.07416845030225136,0.03257389584099829,0.00749382554952382,0.010758873544455039,0.0025519252323522104,0.11985218349347593,0.07313074400637985
5,88,SRS,0.02108869370548196,0.0032768265910753124,0.0008441987369897676,0.002795424191948559,0.001076704134537386,0.034820391774105036,0.02000894596562179
5,89,PCA-QS,0.047126916348034134,0.02135120807162288,0.004857319240417211,0.005954731090973553,0.0013545335933897382,0.03865975727577222,0.11010839440110133
5,89,SRS,0.01975339886017157,0.0032486151547312476,0.0008667064406733748,0.0022327316415826637,0.0008756967735435578,0.03500018921901593,0.13232751588128358
5,90,PCA-QS,0.0536053237030802,0.022399759518289358,0.005120164588100633,0.005025745046016272,0.0015463447367771374,0.03844290852358443,0.16436577830580898
5,90,SRS,0.013108451490932293,0.0028024206015680574,0.0007429396814978336,0.002423799638372248,0.0010053918286058797,0.018154413473071188,0.03752438745733439
5,91,PCA-QS,0.04942030334716001,0.01833203681291691,0.004336455908032418,0.0045782874824449316,0.00149095616128634,0.038296115982981396,0.12605815817755237
5,91,SRS,0.020631204581655845,0.0025575337144676186,0.0006849270284328468,0.0025893936645884352,0.0009748093963571972,0.03195124238904692,0.17930680787060116
5,92,PCA-QS,0.04028876308183253,0.01624581641334189,0.0037704076699662204,0.003287506862855505,0.0011499992936276071,0.04292853252590723,0.10284286609751521
5,92,SRS,0.012941746654252576,0.002245224536031665,0.0005868998007401539,0.002741644929474152,0.0009372924537620515,0.01853315349374899,0.07129687213678769
5,93,PCA-QS,0.047984756158231646,0.019136761490848784,0.004379899557231147,0.004519786232116907,0.0012905696810805167,0.040837809147150475,0.10766610573724339
5,93,SRS,0.016576911038969563,0.0030437817378370317,0.0007996488160668779,0.0028581164508607593,0.0009891555841459627,0.0328978197848873,0.12499518900766443
5,94,PCA-QS,0.047790658936649064,0.017283389789438077,0.004056380846467374,0.004218982740327615,0.0013172595528224695,0.033498055169260736,0.07631008378145206
5,94,SRS,0.01762922237563907,0.002649888615548186,0.0006810531671476274,0.0036019523643782136,0.0010013429769598695,0.027330920963425983,0.03252120936754243
5,95,PCA-QS,0.08415157492037503,0.03274266283674931,0.007665396216292565,0.017672523393803985,0.002868440760474461,0.0647590900330736,0.23552966779340548
5,95,SRS,0.025664459461944837,0.0025730165610466553,0.0006673798807957622,0.0030654791689004313,0.0009091947445743383,0.05081337598242618,0.06308049851726778
5,96,PCA-QS,0.047729966448238674,0.021824464212502993,0.004945333984167634,0.004773709471152632,0.0014791466346284338,0.03879950467130444,0.05963861047619743
5,96,SRS,0.0234143750092724,0.0026310054214899346,0.000691786986148525,0.00530917996340019,0.0009534384881625529,0.043589712079906896,0.0930424479417531
5,97,PCA-QS,0.04639363485764593,0.017071023817917995,0.004013652207673092,0.0025534059124625585,0.0012403052449391494,0.024357301629137698,0.16678748821118206
5,97,SRS,0.020872539827013904,0.003090982601390146,0.0008120910567327597,0.0034341870014742426,0.0009597673317077518,0.038453219098652854,0.0574160370668976
5,98,PCA-QS,0.05382959787489999,0.017154981971922705,0.00408909217132931,0.005880771221504322,0.0013787725702262,0.0508421078981255,0.2091412955479663
5,98,SRS,0.01574054567323416,0.00294411798844301,0.0007659294116060171,0.0040722940023010246,0.001030664649462703,0.01916723467852505,0.06712343911765974
5,99,PCA-QS,0.04371559335229176,0.01693452205063785,0.0040110224350629175,0.004041378728276257,0.0014058945111924404,0.042655779030160074,0.08110502410686977
5,99,SRS,0.016659578739350332,0.003130110308478223,0.0008171054046379681,0.00319028512302566,0.0009484827678399692,0.02175284921081981,0.06393414570323315
10,0,PCA-QS,0.4519684792945332,0.6818361232567672,0.06882470679843719,2.1368471888001848,0.001476994571061779,2.3792813862484703,0.07380675666005852
10,0,SRS,0.022632499969844795,0.0027690834216270734,0.0007400894439242702,0.007215082365918946,0.0009775266702675574,0.06447015838423226,0.0241486265408045
10,1,PCA-QS,0.4516354445334995,0.6888822957834987,0.07019749439915332,2.095673622262842,0.0015159717342837966,2.3708328719430862,0.045462087418303
10,1,SRS,0.016563184353475043,0.0029239308153507916,0.0007730075341322122,0.005308111282217531,0.000977964922984295,0.03763570899895205,0.03551754765113649
10,2,PCA-QS,0.44951360964911935,0.6747538927105681,0.06883328684230378,2.0546786883396795,0.0014757430363775748,2.372512146322903,0.08501839388907906
10,2,SRS,0.01446662228721467,0.0025137609830152116,0.0006648451340575826,0.005459020935859371,0.0009879506977094892,0.034645959315268,0.07935632614153484
10,3,PCA-QS,0.4513423186192281,0.694051182574976,0.07060471686201358,2.026083831439645,0.0014725870256141907,2.3718427073603006,0.12489567492198465
10,3,SRS,0.018468239385751022,0.0024891384749852006,0.0006606420293907871,0.0031263057080721524,0.000978927229622238,0.05097736864733163,0.10334334554639052
10,4,PCA-QS,0.44530209894029804,0.6935378520285428,0.0690195596270979,2.08083241154581,0.0014465465266983225,2.370324767850775,0.10234738060219309
10,4,SRS,0.017006954959645885,0.0026587250598695605,0.0006981119496697166,0.00383319558376094,0.000975141070522847,0.04467166596390547,0.1752180260876363
10,5,PCA-QS,0.28625887518334614,0.645492971832522,0.06513961807632256,0.9421063930899161,0.0017581216725621235,1.57861318843318,0.49395891412273957
10,5,SRS,0.01760408841474875,0.0029689251151377724,0.0007878009450008074,0.004344658454855654,0.0009722324973798685,0.04128095507608976,0.02854870892456625
10,6,PCA-QS,0.28362473858592385,0.6571764180202797,0.06504649615722088,0.9323213177606302,0.0018176727253829635,1.5768081890580072,0.4440241535549493
10,6,SRS,0.018095597103771538,0.0030515610702533105,0.0007992345077842561,0.004321398753416084,0.000986167086035486,0.04835752486670855,0.04533413559623606
10,7,PCA-QS,0.45501191603277463,0.7013873470585142,0.07073801355379458,2.125626742128304,0.0014710186285541245,2.3747410355513408,0.04782875161154601
10,7,SRS,0.019618932232020193,0.0031084397654856767,0.0008181116789328735,0.006633130337367454,0.0009892464533667626,0.05364349153433221,0.16199065703408902
10,8,PCA-QS,0.4510221386372498,0.6855258583710719,0.06898897813396543,2.0175714821432544,0.0014371492029691588,2.371581712704335,0.1054372378564721
10,8,SRS,0.01668853444653712,0.002631909911009156,0.0006902842605624778,0.00399892713897998,0.0009740085552770602,0.033403916478944126,0.03341843330511446
10,9,PCA-QS,0.4483115968220729,0.7013384977777146,0.06981995981820899,2.1216869980380597,0.0014976189971127017,2.364589734072333,0.06727064360515023
10,9,SRS,0.015195940356551623,0.0029580631902426284,0.0007830385633902775,0.004656791567140495,0.000993737178706993,0.04058773303551321,0.05506542062615857
10,10,PCA-QS,0.4513310118085103,0.7002423933437864,0.07055109075239355,2.149828299274964,0.0014851360432026478,2.3754051819727597,0.07666154718794996
10,10,SRS,0.012223127847574379,0.002664172969527687,0.0007063338806157359,0.0035940913268639463,0.0009778112711737942,0.02604055295346804,0.07449512749462564
10,11,PCA-QS,0.4509466089551227,0.6904651854028038,0.06897386135115159,2.1209048262519605,0.0015036494999018598,2.3709536401103013,0.04609792384550057
10,11,SRS,0.014269526795235386,0.0025696392283414233,0.0006811281982837299,0.003345200545824767,0.0009842276879442327,0.03283252849890006,0.0377371872125216
10,12,PCA-QS,0.44738599071015617,0.6920453000884266,0.0691929232637788,2.054195339685026,0.0014698285782031551,2.366037563999727,0.16104219423470312
10,12,SRS,0.01723444349834165,0.0028359195795965688,0.0007375177391528809,0.004594768137771155,0.0009745909460883201,0.03157545692949326,0.07364898458018718
10,13,PCA-QS,0.4483631788232242,0.6382763633658205,0.06800584164749525,2.1273895722789904,0.0014900254128499067,2.3680745099925216,0.17571982803482292
10,13,SRS,0.014349755466417285,0.0024957243035640558,0.0006654734650725399,0.0028716935801602617,0.0009809643466581297,0.032981464125329374,0.028706341917794306
10,14,PCA-QS,0.44576341866169616,0.6982009160230829,0.07054518281872783,2.087919749005912,0.0014489155139614425,2.3729697556350327,0.14036740189056182
10,14,SRS,0.01680013285744385,0.002694203634779355,0.0007018087421847832,0.003218606478519348,0.0009829642715347858,0.03906870763602179,0.1142758140376318
10,15,PCA-QS,0.27940882431388686,0.640957320613073,0.06363839746319863,0.9223961476132994,0.0018007178959018046,1.576921552850111,0.6379119109371776
10,15,SRS,0.015321956871303971,0.0027586846768299115,0.0007346624049057217,0.003942820230877331,0.000989761457081124,0.03712431048803372,0.05471161423153723
10,16,PCA-QS,0.4530490018951472,0.6793087228832522,0.06918497078503828,2.1253471584580987,0.001486993906219254,2.3744148698510084,0.0761641255085343
10,16,SRS,0.014113347201282286,0.002901575134338995,0.000770158164794773,0.004668686797772992,0.0009775867339045841,0.0341367106219133,0.05243415622030748
10,17,PCA-QS,0.28231640055039225,0.6682261115204916,0.06598884422589987,0.9882984308766112,0.0018625804914395696,1.5797078256456387,0.6401944441032511
10,17,SRS,0.015126007549090756,0.002849226974562248,0.0007452750015166936,0.004452328271966621,0.0009783820765314971,0.031326371900527034,0.07935119876174063
10,18,PCA-QS,0.2848913677001056,0.6342766078958783,0.06352126775900424,0.9869613488890803,0.0017713045425699118,1.5684291350176878,0.48955928990970476
10,18,SRS,0.017707446432338812,0.0028433463834650094,0.0007624151813118369,0.003336872358752352,0.0009699419131320476,0.04345854822523479,0.13687659855677775
10,19,PCA-QS,0.28089036959147246,0.6545102088035806,0.06472686182077232,0.9503032997755003,0.001779688618103647,1.5787837856422828,0.5927377485853892
10,19,SRS,0.01625312985380005,0.0028652484211698624,0.0007606892861700594,0.0040154797267026865,0.0009744839308663506,0.037162857239083164,0.0518426464909168
10,20,PCA-QS,0.4447615133107205,0.701726256014785,0.07095961264515825,2.065212163124519,0.0015118534928244348,2.3634172249432503,0.12129789932710776
10,20,SRS,0.019980244811277727,0.003091743027330952,0.0008041373467657641,0.003747388884110414,0.0009931153513904716,0.05467376420322125,0.12804001622338385
10,21,PCA-QS,0.28609229117353974,0.7060967947417611,0.06587820842544381,0.9399166016929827,0.0017901383122830984,1.577197320413808,0.7354392013681834
10,21,SRS,0.017697341620998865,0.0030631487716476073,0.000805332989888652,0.0056226529543668136,0.000983028280808824,0.053879027654089556,0.07160283108008061
10,22,PCA-QS,0.2844472000901773,0.6832430607084408,0.06502495829655176,0.9525324108085318,0.0018713297458368547,1.579250196303632,0.5425935087783091
10,22,SRS,0.016423952241314953,0.0030064152652477224,0.0007944197148805156,0.0026511973749254736,0.0009728436474640018,0.04120206052834987,0.17248829752553352
10,23,PCA-QS,0.28828565073194556,0.6478017183890449,0.06513050136472132,0.9309910622618309,0.0018034283283256082,1.5799026038744863,0.44149283973277137
10,23,SRS,0.01720481852738701,0.0027460026143291,0.0007250783500525318,0.003962961071080073,0.0009707329777259063,0.045922434573770335,0.07908369046065314
10,24,PCA-QS,0.2852431011755501,0.6743418487343487,0.06609689346832356,0.9528697284550951,0.0017731568780564452,1.581795646583239,0.5473163074014983
10,24,SRS,0.01684826125942653,0.0026966542646338536,0.0007165131295811148,0.0038754763495738587,0.0009878279548054248,0.04123700982772113,0.06796855373462783
10,25,PCA-QS,0.2817797181963003,0.6594285551611201,0.06560080379961515,0.9719092751099208,0.001796416922682053,1.5773452087563535,0.5050423606505662
10,25,SRS,0.01842574382346972,0.00265425624021379,0.000701041044453005,0.004975341982383696,0.0009834596882110154,0.05257483042269897,0.14160856432808913
10,26,PCA-QS,0.4512496843368249,0.6940149850912601,0.06906709104487158,2.132227316451363,0.0014753498350091583,2.376284681044289,0.1471395611442236
10,26,SRS,0.015333203429785844,0.0028643158920082868,0.0007492556908106205,0.005020974956376101,0.0009820496394449165,0.027920788645203656,0.07886097218508722
10,27,PCA-QS,0.2837998089509271,0.6826762635799077,0.06683792560289757,0.9394128540198787,0.0017607346605012378,1.5780096201757083,0.5886824741845443
10,27,SRS,0.018558323532572675,0.002478237492536285,0.0006608113264124137,0.004690276727541409,0.0009683704772837533,0.052287316043005586,0.030717862427370516
10,28,PCA-QS,0.2840845531353455,0.6798641939434222,0.0647849100314855,0.9881536662191959,0.0018681832207697252,1.5852276389016358,0.6200802749595893
10,28,SRS,0.014383598937995517,0.0022432424759137024,0.0005974228803164414,0.0031434809742609815,0.000975851303522644,0.028985544975707832,0.08736151897308622
10,29,PCA-QS,0.28280117723623766,0.674517371794236,0.0681235299075229,0.928312417547358,0.0018474621709719521,1.5762689845006745,0.4669802179921877
10,29,SRS,0.019031031027621444,0.0026988660247452795,0.000706710147897266,0.0038670599443468845,0.0009754832381187092,0.04493921485969317,0.044440713300675706
10,30,PCA-QS,0.4479508275769145,0.6872254544166976,0.06975007891824782,2.0429692536510347,0.001531309241159656,2.3693751777744727,0.11288943075605927
10,30,SRS,0.015982487435828065,0.0031614518423054316,0.0008365515368675816,0.003626700725116727,0.000995393530826246,0.04689192432257562,0.049195625137131015
10,31,PCA-QS,0.2852853383116745,0.677415059174034,0.06777510122496735,0.9957336225492694,0.0018856883943374572,1.5675255676544735,0.5050383283048
10,31,SRS,0.014909269503195008,0.002746539119488911,0.0007288449377700781,0.00374286674964619,0.0009806444965756518,0.03505519965901925,0.0998483737456091
10,32,PCA-QS,0.28318327875208477,0.6564032933018163,0.06501858423460014,0.9989203893368162,0.0018392384803410488,1.5802359046712466,0.6377326568636296
10,32,SRS,0.01592801811885319,0.002810993712320497,0.0007448743206042326,0.0034835396755363846,0.0009770399921474305,0.04476466025897129,0.11448369571376808
10,33,PCA-QS,0.4507163756762713,0.6827252799281587,0.06906884933019178,2.119419806375082,0.001460322998057594,2.3687482299956346,0.08459398327020913
10,33,SRS,0.017197455464656265,0.002601770384054817,0.0006837574855195495,0.0033280479414292685,0.0009721720295526031,0.03944523100810736,0.040440496672279
10,34,PCA-QS,0.28336231473943785,0.6865292487551387,0.06515577865101965,0.991476681558698,0.0018742708012274042,1.5812505302860387,0.6588732282005297
10,34,SRS,0.01811213728536503,0.0028265787516838477,0.000741455266759901,0.0034067005024649433,0.0009753693244667607,0.04429944019657796,0.05543832239819372
10,35,PCA-QS,0.45533915412420356,0.7105724262832966,0.07156687310156921,2.073836333402114,0.001489634104921207,2.3810033116646387,0.030265331984366036
10,35,SRS,0.01584591274169806,0.0026654727267795423,0.0007108812238881334,0.002986073601349837,0.0009717720238898844,0.04218829945550837,0.060488975104797026
10,36,PCA-QS,0.28836751238166786,0.6637950520324545,0.06642937077223994,0.9492114062802672,0.0018107897784817454,1.5843284101864408,0.49341874445770867
10,36,SRS,0.017018396998671897,0.002898649491840463,0.0007610721384770396,0.005783989807763845,0.0009697194368116374,0.04334014958233495,0.031300512333386904
10,37,PCA-QS,0.2841432274843576,0.6188793893743847,0.06381776237142826,0.9148572263955117,0.0018193762978571716,1.5708924667933095,0.5583032551869255
10,37,SRS,0.013749035925385993,0.002685541058083143,0.0007118809956850726,0.0033100222646638144,0.0009789372073233259,0.0320716834348519,0.05620553701157385
10,38,PCA-QS,0.4516154983675892,0.6897264837035215,0.06973007289019158,2.0843172054690404,0.001493797456039585,2.375417622662492,0.15814084823302638
10,38,SRS,0.01956595539038586,0.0027636221146712927,0.0007245385938720716,0.003966229560490753,0.000980241733332271,0.06236727844895951,0.07159677488439509
10,39,PCA-QS,0.28707610774914244,0.6848180411765035,0.06668936346538613,0.9742896223124813,0.0018543495143509233,1.598599522258028,0.41388627959279367
10,39,SRS,0.016955363031013287,0.0026083049849475537,0.0006905180040422999,0.0040819867255006415,0.0009751438643865373,0.04040088743929798,0.06001447830521278
10,40,PCA-QS,0.2799669412407476,0.6690372604489114,0.0644423765375598,0.9450536722883669,0.001747836101589239,1.5796233261417925,0.5936152173432887
10,40,SRS,0.019769564034466735,0.002962614212523433,0.0007898323775886948,0.005292630993810832,0.0009791546419318266,0.05244351730557076,0.03567804790676044
10,41,PCA-QS,0.44526145861908706,0.6806571336877105,0.06913079627886669,2.145171485242808,0.0015212975151088902,2.373773126796402,0.1845337595413586
10,41,SRS,0.017063251204256058,0.0025583101496597324,0.0006801366899212094,0.005454289714069915,0.0009810395606756324,0.040059205935752094,0.016503967547886765
10,42,PCA-QS,0.44889086920938004,0.694843554264079,0.0694202272584751,2.1018010183637275,0.0015408051068662488,2.372926869650824,0.046162522298375745
10,42,SRS,0.019766494525332603,0.0030523405177787662,0.0007918164879780398,0.003233517802406105,0.0009817471444883176,0.07025604018358787,0.024589343973914934
10,43,PCA-QS,0.45401077846787874,0.7125786779229707,0.06923156721518557,2.1448900248854876,0.0015232929585936635,2.380330821484423,0.03386697308281595
10,43,SRS,0.017063399749774128,0.003345912271658007,0.0008866779431547439,0.003896004598779257,0.0009719929314745415,0.041964999968714466,0.0906370696738276
10,44,PCA-QS,0.2843290541893654,0.6875904514031352,0.06719544191646595,0.9489199083902173,0.0017399211646057305,1.5804559270623963,0.7753101793602205
10,44,SRS,0.019909412157049507,0.0027526605816781376,0.0007274361144003133,0.005718399079581715,0.000972459233509206,0.05197947163844758,0.041741300822615256
10,45,PCA-QS,0.44910586346696385,0.6899148757970358,0.07018031719121991,2.0067137319239947,0.0015136473169644709,2.366050247924029,0.1370212841629719
10,45,SRS,0.017974674500648036,0.003195980418473815,0.0008468566685760107,0.005209212816048137,0.0009841588009883186,0.044376526109704766,0.1755807015743731
10,46,PCA-QS,0.2867451755202711,0.6874025039071814,0.06664730624790527,0.909234799351692,0.0017536682187604949,1.5795825202465272,0.566388590321736
10,46,SRS,0.016233224482503708,0.0029486766849392853,0.0007801677915795699,0.004462078508965739,0.0009618466232331241,0.043459715506382134,0.009103469210723117
10,47,PCA-QS,0.2820527678944827,0.6621830339636181,0.06495084764140155,0.9822751730298069,0.0017956296714791977,1.5872046213178121,0.45108150460688146
10,47,SRS,0.020116258261628238,0.002683557648265825,0.0007072338887107744,0.0070505612601605705,0.0009791049246157322,0.056007193445333024,0.04175904520071515
10,48,PCA-QS,0.45167192988472477,0.7018117185031223,0.06904797162395929,2.183171052667884,0.0015254249784424725,2.3834396785148675,0.12604627583134295
10,48,SRS,0.014071965950664714,0.0026615642133998836,0.0007095763788902096,0.004376104558994953,0.0009803636798663656,0.04093085072023423,0.14487059424627127
10,49,PCA-QS,0.2799414512183048,0.6786720458604714,0.06725967994213995,0.9448433568270707,0.0017684262061623659,1.5645881473357164,0.6898777970875113
10,49,SRS,0.014426648100390672,0.0028263791822755015,0.0007335391521304329,0.0032333135130038215,0.0009685368526141471,0.031909862996407176,0.04873345512503752
10,50,PCA-QS,0.4538869875183722,0.6918081436095015,0.06923915745131218,2.1609157389642935,0.0015215875527798955,2.3744240261691636,0.05045101499906292
10,50,SRS,0.01726362534090479,0.002945456946794981,0.0007717555942828945,0.004363806587783792,0.0009802118642042263,0.047303320795136855,0.027340113318831037
10,51,PCA-QS,0.2804638678433779,0.6872041204314578,0.06827065530134867,0.9513420059803162,0.0017562103951360084,1.5782524134186362,0.6330679449766984
10,51,SRS,0.017087517017721342,0.0026660637490856258,0.0007009245537185607,0.0042410006428639235,0.0009713375781531816,0.0352669269831769,0.08631666169810018
10,52,PCA-QS,0.4549342537482156,0.6937434801706999,0.06986349959257024,2.063584483668534,0.0014690865936805885,2.372550221474205,0.1382906075892798
10,52,SRS,0.014772202413982343,0.002891170696617446,0.0007651431739027159,0.004667555559030312,0.0009737515617071856,0.03136289480313608,0.04052770314257596
10,53,PCA-QS,0.28417273207121907,0.6759492136231555,0.06531510304221591,0.945997971465804,0.0017809716472750952,1.580303264994483,0.7224134707863057
10,53,SRS,0.01966565164669341,0.003066805715331661,0.0008101334509632071,0.005734617371000006,0.0009862788615180745,0.05111855911218032,0.019022445234271736
10,54,PCA-QS,0.28389944314175797,0.6726385682014542,0.06542951423458232,0.9115045690277785,0.001774188571921711,1.587315516618823,0.5915450653480943
10,54,SRS,0.015587468326131431,0.0030013961990048117,0.0007984825846319944,0.005382939204895187,0.0009762161469598368,0.03965002555966185,0.03308649291765496
10,55,PCA-QS,0.28097788179421,0.6574405472285939,0.06642493095823244,1.0007787838554716,0.0018285918029264272,1.5865743550449904,0.4962708492065623
10,55,SRS,0.01593367011787796,0.0029533702089100966,0.0007739941720044732,0.004614288135155853,0.0009848338265670037,0.0398249075086501,0.05267807770293412
10,56,PCA-QS,0.45018719807878904,0.6539843620704169,0.06923121535660756,2.062309718799999,0.0015051413441823647,2.367120360563191,0.05346527499157758
10,56,SRS,0.017571298836666117,0.0031332024502850665,0.0008115982035024911,0.004111301684456947,0.0009872189536131758,0.04291939851213607,0.06704043253886052
10,57,PCA-QS,0.28162194298563714,0.6531673871331707,0.06508042909423169,0.913733075534255,0.0017823824204674908,1.5822922918212836,0.4448135102547636
10,57,SRS,0.016444298081106524,0.0028569544700276736,0.0007485586190682284,0.0034923314132635497,0.0009758126553588529,0.0454286846648108,0.07655900681057791
10,58,PCA-QS,0.2870448779263553,0.7103392148534395,0.06727381593056922,1.0385634573966964,0.0018359286132897637,1.5921352558219297,0.4777904744395168
10,58,SRS,0.015138717128160655,0.0031971374394542465,0.0008409136424237494,0.008450689714043058,0.0009767571110222413,0.02957225443203867,0.04843982402230417
10,59,PCA-QS,0.44966430762372556,0.7110326954384469,0.07160034576693966,2.071272283423659,0.001492084424574826,2.3754336836294363,0.11428634577042475
10,59,SRS,0.01593520297525426,0.0028772258666581066,0.0007517029864752992,0.005100456122091757,0.0009784517026610378,0.03978992004564442,0.03556471490749147
10,60,PCA-QS,0.28277552512628695,0.6796699056002066,0.06692504155334629,0.8920574816286395,0.001792405906651853,1.586018019404136,0.5627517853059604
10,60,SRS,0.02563383570956591,0.0029868188963254666,0.0007951492780622447,0.008465736708088478,0.00097898106148336,0.08216903166144521,0.028692204764897207
10,61,PCA-QS,0.2791002247678113,0.6154486675664017,0.0638526147508114,0.9342747779344425,0.0018044787873866639,1.570818422167533,0.6818549378298026
10,61,SRS,0.018128841221145536,0.002575433598350516,0.0006800705969366081,0.0040674660432316045,0.0009763182788173372,0.047055558467775725,0.015168413441915806
10,62,PCA-QS,0.44755266003329774,0.6900962285770568,0.07051982112666363,2.1461948024533193,0.00150642254520717,2.37338422369112,0.05827540921456543
10,62,SRS,0.016591803647200695,0.00280282091709324,0.0007417019300079765,0.004950013472818426,0.0009812765405790196,0.044616279632825176,0.2142718836728978
10,63,PCA-QS,0.4541240593040007,0.6533192224451299,0.06768366826429345,2.095283443823985,0.001462571581864163,2.372747668519664,0.1008522114440558
10,63,SRS,0.016666592247857544,0.0029916847818452323,0.000794582530359138,0.004472669427072695,0.0009870620428614875,0.031146078405590017,0.03044570902563388
10,64,PCA-QS,0.4538729817692303,0.7001567925037003,0.06992432258072676,2.220451953666343,0.0014916616238493852,2.3745193819494554,0.07068066502442642
10,64,SRS,0.017751835525289854,0.002767804833797991,0.0007286634892708488,0.003697132423252647,0.0009864886859350529,0.04484938667865606,0.14414342214666714
10,65,PCA-QS,0.4500017633969796,0.7027489469163225,0.07125357677793664,2.1050208117956384,0.0014887341040521363,2.3699028801160824,0.18733543458312993
10,65,SRS,0.0218423989920355,0.0028424602656413173,0.000754384197475282,0.00528592062859623,0.0009849281482171878,0.06008087242833427,0.025006364316527935
10,66,PCA-QS,0.4506785271570496,0.6833409527099594,0.06954506853641611,2.0542235828118107,0.001483335170217924,2.368777588308513,0.05311867960890102
10,66,SRS,0.017672470546113383,0.002798198872640483,0.0007238691918978333,0.003494816584963978,0.000983078734996376,0.04842713634822461,0.07665947221291695
10,67,PCA-QS,0.44485682015946465,0.6991764337543771,0.0713486271644475,2.018399600212443,0.0014939022223126176,2.3604332792282667,0.08862796801677811
10,67,SRS,0.01755751720845449,0.002831551867543036,0.000748438348268152,0.004405124028615148,0.00097800902402424,0.040020995105583906,0.07699696367155916
10,68,PCA-QS,0.44993864255176,0.6982185966856166,0.06932715880362791,2.132409250194492,0.0014842573705670947,2.3737868298854616,0.06598677764811738
10,68,SRS,0.020198621662283013,0.002991956651084992,0.0007848041411130533,0.0034111892689958623,0.0009707075296213329,0.05525997992382525,0.11006439523768412
10,69,PCA-QS,0.4491439711150205,0.6873636683844799,0.07038736630713652,2.0863581631413455,0.0014809072337534385,2.3641582422275387,0.15187188357548911
10,69,SRS,0.01817592532489746,0.0027127851927863486,0.0007169356035678846,0.006042818359875746,0.00098582984862201,0.04729809095969398,0.054573675149715346
10,70,PCA-QS,0.28240155387523563,0.6478925134553395,0.06616080210872125,0.9192864966908889,0.0017633678740228394,1.5824524199266916,0.4592666856464812
10,70,SRS,0.018876828906730262,0.0029263203028159707,0.0007748896846585473,0.005156251917604493,0.0009921188892678145,0.05042772357029474,0.13251450951055666
10,71,PCA-QS,0.4512389980466295,0.6949843286608821,0.0688753171247963,2.1414168769062067,0.001513318885628233,2.3724556274826942,0.05567612407558789
10,71,SRS,0.0168190994499107,0.0027770350824542316,0.0007264294437329312,0.0035989001851941538,0.0009866459703328572,0.047676156617857346,0.11503741967912849
10,72,PCA-QS,0.4467230310223454,0.7082997437151053,0.06983554719621583,2.036467990055156,0.0015052478378857342,2.3673477519993904,0.09532916686184116
10,72,SRS,0.01606007031316871,0.002515428255818688,0.0006684193364444717,0.0036559951731049978,0.0009770265050051017,0.042408658966097905,0.018580069243270783
10,73,PCA-QS,0.4524752612118226,0.7161335732989823,0.07096408384618465,2.1667435225967298,0.001519497077007501,2.3904623931702345,0.1222643259262471
10,73,SRS,0.014448772014459498,0.002478909998485026,0.0006677208487093452,0.0026478771235085574,0.000973229014897299,0.03507841702134776,0.10246864064498576
10,74,PCA-QS,0.2842532155981744,0.6159893801076696,0.06274946927301564,0.9665140999548383,0.0017984526599249251,1.5744811900508786,0.5507075230801688
10,74,SRS,0.015333244072654042,0.002474618552322408,0.0006598168356833663,0.0052120272473707985,0.0009781648420957643,0.03898686330036581,0.014882455798287703
10,75,PCA-QS,0.2815622107986891,0.6405286218631548,0.06310165525741626,0.9985745365663998,0.0018023628122324986,1.5770321939634253,0.5334010247960005
10,75,SRS,0.020391846869778463,0.003560112493225513,0.0009446950011341604,0.00526932836128946,0.0009818401852001017,0.05647359900789534,0.03890955886936427
10,76,PCA-QS,0.44899032538098416,0.695400221243191,0.07103578823618975,2.081704778334534,0.0015140032117927375,2.3599825280637767,0.07645343135757918
10,76,SRS,0.015468976465247707,0.002533719301861296,0.000658955639398261,0.003953791762586256,0.0009757862265849666,0.03445280423260967,0.0900158589621258
10,77,PCA-QS,0.44556006178204377,0.7326035041977002,0.07075172517109962,2.0315717142483605,0.0014765535002463047,2.36665301294294,0.08785316370754243
10,77,SRS,0.01717027714979938,0.002349238895497547,0.0006210656155665776,0.006124743708715741,0.0009891610264371469,0.04698450216190582,0.12524595273198302
10,78,PCA-QS,0.2804540559755275,0.6842690740805153,0.06618288273656706,0.9375272477538372,0.0018271772661855056,1.575163134460492,0.6028789537065582
10,78,SRS,0.014497049224553896,0.002615635869807062,0.0006925123221648379,0.0031883333875351028,0.0009803698533254839,0.038125683997089974,0.07439530276294286
10,79,PCA-QS,0.4484053667273221,0.7017371344899497,0.06988150159802906,2.133041560977418,0.0014880717550893726,2.3772917349394707,0.029325541037354696
10,79,SRS,0.01516506712724858,0.0026693944356414876,0.0007009719117889068,0.0030232170776747225,0.0009800770715235763,0.0427258221164209,0.07948871135453184
10,80,PCA-QS,0.2842233388269439,0.7054832637857517,0.07065908045460347,1.0144837277878178,0.0018211538810233147,1.5871036953929116,0.4902412547963517
10,80,SRS,0.015772337243014366,0.0027159858269503595,0.0007185604844161076,0.005108666914027893,0.0009853452060384787,0.03695937104192082,0.05479481800230209
10,81,PCA-QS,0.44537358431930124,0.6969826559187451,0.06872768950327497,2.115055527672082,0.0015101615710195904,2.377036052382979,0.07793710805994311
10,81,SRS,0.01631117397727979,0.003228143967212678,0.0008431336982781645,0.005416783800328062,0.0009769296495464553,0.04178621885781157,0.1240547231120684
10,82,PCA-QS,0.4508592180326202,0.697484906217938,0.06989738668863496,2.119561889894456,0.0015052243974957647,2.3775593389618077,0.1826806633709318
10,82,SRS,0.01879236458900669,0.003033954328712986,0.0007959103949374987,0.005447526192985386,0.0009843438171753664,0.041176249588572474,0.09626015068912028
10,83,PCA-QS,0.28460534796345854,0.6465723983039664,0.06396594607735714,0.962465378975728,0.0018055653071929385,1.5846775639606052,0.5382929880282896
10,83,SRS,0.015049324201320585,0.0026712883591250213,0.0007145950058734875,0.00507172290087432,0.0009853686434097178,0.033011962377404065,0.07858565194540909
10,84,PCA-QS,0.2847367393671727,0.6540043483187342,0.06498139920764294,0.9728974298988904,0.0017545387638977334,1.5867999712930752,0.49557596043564095
10,84,SRS,0.019599099052131683,0.0026351077047779854,0.0007048305668364395,0.006004601554066014,0.0009833105903224646,0.05890979329640324,0.11593716649394438
10,85,PCA-QS,0.4528835465444298,0.6921869139998302,0.07027048054466775,2.1122972470439025,0.0014414288174009688,2.3718011192582584,0.052379363885621276
10,85,SRS,0.01597013810839388,0.0029863005796846036,0.0007844972229777099,0.004870271351275157,0.0009711842849705945,0.034509535621918705,0.04465804191831921
10,86,PCA-QS,0.45150239073443627,0.7109337685515944,0.07038978131673859,2.102951903667189,0.0014692593838639492,2.3810215555090406,0.06035160686305693
10,86,SRS,0.014721540389428564,0.0025661729920609436,0.000678513090591445,0.004195276778345303,0.0009719291641085717,0.03981744542557333,0.03379829834306916
10,87,PCA-QS,0.45084255428106956,0.6993775842541545,0.06996826324890783,2.095197178376825,0.0014875022092409782,2.378715336214923,0.09042432310194723
10,87,SRS,0.020645276601913225,0.0025763910185201506,0.0006729188405134644,0.005436087072801854,0.0009819555207051557,0.06392660633425665,0.04578862263812512
10,88,PCA-QS,0.2822145510727737,0.6760002732826759,0.06747254451201237,0.9229631460343901,0.0017593577581235015,1.5754187104336215,0.5766427670269444
10,88,SRS,0.015193295140955757,0.002754888202076739,0.0007315777778453931,0.0049911968333615775,0.0009747228185326072,0.037122708068687414,0.15561416181786994
10,89,PCA-QS,0.2843934613142479,0.6920998537284981,0.06724714058502095,0.9648403836075454,0.0018184555375798494,1.5843908898891512,0.5473152012403473
10,89,SRS,0.016536964406048422,0.002915638486822874,0.0007647002947389586,0.004352484439992921,0.0009757674134587156,0.04047693227087339,0.3069364269804392
10,90,PCA-QS,0.2826190482003553,0.6716822195300759,0.06583265798998543,0.9418503799117754,0.001801099400568459,1.5787539563173247,0.5271149196281355
10,90,SRS,0.020160456308923193,0.0030430991874715206,0.0007978461710076446,0.004533574367898474,0.0009862163380708663,0.061512739719281784,0.024390157581380474
10,91,PCA-QS,0.45228969141874176,0.6828451614362038,0.06896884703729397,2.1765421694073632,0.0014963416691484547,2.3759668725453125,0.09609728099708853
10,91,SRS,0.02012837502452003,0.002580521447478039,0.0006756583860260095,0.005287799513962632,0.0009698679088794867,0.061252205559763524,0.05489861084095883
10,92,PCA-QS,0.4456444152901934,0.6837785447618028,0.06974064962601768,2.0958754489867966,0.0014898307872728775,2.365349432158046,0.07373114632022773
10,92,SRS,0.017010789019108078,0.0028004457537464202,0.0007311976566935909,0.0034321918976560895,0.0009759059426779908,0.0393779053482975,0.06156867271825635
10,93,PCA-QS,0.44969040395642335,0.6776183752939888,0.06931142755939154,2.0427150725823378,0.0014537029425871852,2.365659248969202,0.17339247056437757
10,93,SRS,0.0162350267029601,0.003246957663921305,0.0008388085065526808,0.006222829658189433,0.0009724906282341627,0.038590924872771694,0.056728831363319215
10,94,PCA-QS,0.4539593781621544,0.6881041111765914,0.069911048541399,2.1307659326818253,0.0015091769514130782,2.37433612984063,0.10123711934520624
10,94,SRS,0.013364197745827653,0.0025228004432752216,0.0006541068957579539,0.004322805507586125,0.0009745373565108604,0.02959157193777243,0.05084568213240782
10,95,PCA-QS,0.28248332805052306,0.6660448881920066,0.0651859055051117,0.9952657793146953,0.0018164562600529743,1.5754804243198754,0.5928707809033721
10,95,SRS,0.01779453559762902,0.0029722303266229667,0.0007902713216157592,0.004067605399882268,0.0009706319190262226,0.049219849907436726,0.06965575977110242
10,96,PCA-QS,0.27854335259980567,0.671455346717202,0.06661696425396924,0.9050763234347565,0.001743087489092365,1.5608558438002342,0.6728275435569024
10,96,SRS,0.015847627558572913,0.0026501650919785987,0.0006945478119318651,0.004759571202490598,0.0009813150810263254,0.034707906139461786,0.08985183910737124
10,97,PCA-QS,0.2806770372983437,0.6529560126673963,0.06518372643237874,0.9822636310787995,0.001794573146481132,1.5746768498363772,0.6018836994908032
10,97,SRS,0.014307225256050632,0.0031255262192204447,0.0008234878305847744,0.003218015381322381,0.0009857192501406514,0.029931547749204854,0.10185531746110096
10,98,PCA-QS,0.28443779320183477,0.6539883214887843,0.06421708615928039,0.9682020413749504,0.0018264321042156936,1.5914903442903934,0.47423574867270096
10,98,SRS,0.018278132936783056,0.002558759938131314,0.0006718296608930905,0.003563883742208951,0.0009829528178259793,0.05314288358640135,0.0521544015246045
10,99,PCA-QS,0.44867873220020477,0.6805709206612767,0.06849701593104177,2.0745929503446794,0.0014884765463947039,2.365188906431306,0.14738509596455573
10,99,SRS,0.017305234364583113,0.0029289520303911786,0.0007725092053417952,0.0035341508834294544,0.000977861716885517,0.046037360925276376,0.058454367256324004
