dataset,N,d,k,m,r,H_N,rho_k,analysis,mse_QS,mse_SRS,efficiency,ci_lo,ci_hi,frac_QS_closer
CreditCard,30000,23,3,11,1500,1113,0.46989661413380884,mean,0.010355334032220661,0.014382333795786061,0.7200037336954809,0.6955284250947312,0.7475126220481388,0.678
CreditCard,30000,23,3,11,1500,1113,0.46989661413380884,mean_unweighted,0.00801447423810486,0.01438233379578606,0.5572443493456573,0.5382489352097032,0.5801386412160011,0.831
CreditCard,30000,23,3,11,1500,1113,0.46989661413380884,sd,0.4388071569092369,0.39792900110013396,1.1027272596269415,1.012179248044622,1.2051061193941612,0.481
CreditCard,30000,23,3,11,1500,1113,0.46989661413380884,quantiles,0.17403717678961178,0.20131783742777645,0.8644896001927712,0.8135448711407691,0.9121980446148287,0.574
CreditCard,30000,23,3,11,1500,1113,0.46989661413380884,corr,0.8401208830836977,0.752640794051846,1.1162308630135527,1.0334999459660938,1.2107568538516877,0.458
CreditCard,30000,23,3,11,1500,1113,0.46989661413380884,eigvals,1.520279027644875,1.3001566832266975,1.1693044748052082,0.9286762339043951,1.455580595654127,0.632
CreditCard,30000,23,3,11,1500,1113,0.46989661413380884,subspace,0.48262934482972514,0.5607816206914545,0.8606368807783569,0.8295403537460294,0.8931185046762757,0.62
MAGIC,19020,10,3,9,951,656,0.31890158789957607,mean,0.004334901271947961,0.009824730944294242,0.4412234082059494,0.4184766919404083,0.46408463999709476,0.817
MAGIC,19020,10,3,9,951,656,0.31890158789957607,mean_unweighted,0.004562236917525209,0.009824730944294242,0.46436252996574423,0.44454907303745905,0.48629606279297616,0.801
MAGIC,19020,10,3,9,951,656,0.31890158789957607,sd,0.009306301053513086,0.015266857051244805,0.6095754366648951,0.5661826856139016,0.6557530479745014,0.681
MAGIC,19020,10,3,9,951,656,0.31890158789957607,quantiles,0.010947313765454091,0.018925472163099786,0.5784433630564195,0.5589569122836384,0.5963475012513687,0.857
MAGIC,19020,10,3,9,951,656,0.31890158789957607,corr,0.13659668993601262,0.18041206212459865,0.7571372353234028,0.7258210255099593,0.7901953998582246,0.646
MAGIC,19020,10,3,9,951,656,0.31890158789957607,eigvals,0.03734081129402603,0.0742084638328713,0.5031880376627009,0.4616590375757484,0.5463503058672147,0.684
MAGIC,19020,10,3,9,951,656,0.31890158789957607,subspace,0.2906587936094235,0.504739957564266,0.5758584975361601,0.5357677266549868,0.6232747587785453,0.715
EEG,14980,14,3,9,749,527,0.27266209771049577,mean,0.007380326268257075,0.019492765110328762,0.3786187452875227,0.3071609916788169,0.45506225680635776,0.758
EEG,14980,14,3,9,749,527,0.27266209771049577,mean_unweighted,0.007558532779487509,0.019492765110328738,0.38776093266944606,0.3204193701921796,0.4569774627662302,0.713
EEG,14980,14,3,9,749,527,0.27266209771049577,sd,10.258709205560844,14.295157408017264,0.7176352741528661,0.6684702094822953,0.7738414752304366,0.581
EEG,14980,14,3,9,749,527,0.27266209771049577,quantiles,0.0017808249437040531,0.003181522626379316,0.5597398330404754,0.5385789516097828,0.579253405690051,0.846
EEG,14980,14,3,9,749,527,0.27266209771049577,corr,68.59088522695399,71.89122866654364,0.9540925436829326,0.9328109025294656,0.9772591500243056,0.483
EEG,14980,14,3,9,749,527,0.27266209771049577,eigvals,224.19540243905553,772.5351535989751,0.2902073794242325,0.23404340622364578,0.36800333013472897,0.586
EEG,14980,14,3,9,749,527,0.27266209771049577,subspace,2.4799171308557333,2.3792198292322366,1.0423236644156548,1.0335663723886976,1.0512894546416454,0.461
Epileptic,11500,178,3,8,575,512,0.8418735060960988,mean,0.29273778905228987,0.2945162511445945,0.9939614127050955,0.9734474541463805,1.0163677475120345,0.492
Epileptic,11500,178,3,8,575,512,0.8418735060960988,mean_unweighted,0.2702914004505455,0.2945162511445945,0.9177469813638377,0.8977964084108908,0.9378376499048587,0.584
Epileptic,11500,178,3,8,575,512,0.8418735060960988,sd,1.5079762166361717,1.5843236653224348,0.9518106998226746,0.9216256414965214,0.9797060403698389,0.519
Epileptic,11500,178,3,8,575,512,0.8418735060960988,quantiles,0.012295289264237522,0.013450877437250515,0.9140882683375928,0.8918832953933847,0.9357493174086643,0.542
Epileptic,11500,178,3,8,575,512,0.8418735060960988,corr,340.08548667962197,329.8251586906598,1.031108384908215,1.0222515962993552,1.0390280476006326,0.403
Epileptic,11500,178,3,8,575,512,0.8418735060960988,eigvals,85.52198832662032,66.65493400934565,1.2830556296797073,1.2218528475080346,1.354188998679872,0.365
Epileptic,11500,178,3,8,575,512,0.8418735060960988,subspace,1.7898901564133713,1.8311952636314568,0.9774436358380629,0.963462722527642,0.9924796421266687,0.531
HIGGS,197428,28,3,21,9871,9243,0.7197896062801186,mean,0.0026328862803679256,0.002718425120393702,0.9685336780534944,0.9422768687420012,0.9942630784551192,0.518
HIGGS,197428,28,3,21,9871,9243,0.7197896062801186,mean_unweighted,0.003197179275849539,0.0027184251203936985,1.1761145274387783,1.1496340946624417,1.2032247575185195,0.318
HIGGS,197428,28,3,21,9871,9243,0.7197896062801186,sd,0.007115730812128575,0.006414040190827075,1.109399161905005,1.0585265518223315,1.1664689120868372,0.41
HIGGS,197428,28,3,21,9871,9243,0.7197896062801186,quantiles,0.02395657718450016,0.027002916277038786,0.8871848114002042,0.8186699211395387,0.9629918370660132,0.458
HIGGS,197428,28,3,21,9871,9243,0.7197896062801186,corr,0.09000636840680826,0.08419249913700892,1.0690544802612196,1.0565852468956713,1.0809969988123918,0.361
HIGGS,197428,28,3,21,9871,9243,0.7197896062801186,eigvals,0.04618231204726383,0.027351858392406933,1.6884524402219179,1.5399078322149322,1.8509322760034925,0.35
HIGGS,197428,28,3,21,9871,9243,0.7197896062801186,subspace,0.0255748572952268,0.024698330606568456,1.0354893090800734,0.9934426831078847,1.078452130059797,0.482
YearPrediction,515345,90,3,29,25767,23211,0.7479839483796387,mean,0.004740756603464274,0.0033515374057027933,1.4145020716157488,1.387953916363324,1.4404907223530468,0.109
YearPrediction,515345,90,3,29,25767,23211,0.7479839483796387,mean_unweighted,0.0033669908195777423,0.003351537405702794,1.0046108433248138,0.9852626357176947,1.0238433102093087,0.448
YearPrediction,515345,90,3,29,25767,23211,0.7479839483796387,sd,0.025686127513430145,0.021583467182804152,1.190083469716795,1.1510366897312807,1.234742381009045,0.329
YearPrediction,515345,90,3,29,25767,23211,0.7479839483796387,quantiles,0.0012249338929234304,0.0005312691350365537,2.3056748682363213,2.2777165865933426,2.3348379258108394,0.0
YearPrediction,515345,90,3,29,25767,23211,0.7479839483796387,corr,1.4421403043863206,1.2668957077066065,1.1383259850149385,1.1163202746656318,1.1603767400369063,0.302
YearPrediction,515345,90,3,29,25767,23211,0.7479839483796387,eigvals,0.1331225133496745,0.11609748137629688,1.146644283506856,1.0619146488537838,1.233546481217536,0.387
YearPrediction,515345,90,3,29,25767,23211,0.7479839483796387,subspace,0.01217617471845593,0.010841391833267508,1.1231191442682253,1.0845442748425334,1.1719592306663382,0.407
