dataset,design,N,d,k,B,delta,r,realized_retention,H_N,singletons,rho_k,exact_mean_ratio,gaussian_limit,reps,analysis,mse_QS,mse_SRS,efficiency,ci_lo,ci_hi,frac_QS_closer
CreditCard,grid,30000,23,3,3,0.01,288,0.0096,27,0,0.5301033858661912,0.5702190882074863,0.4698966141338088,1000,mean,0.04570028617167422,0.08084939465010454,0.5652520512918291,0.5407015820451033,0.5904949775331926,0.796
CreditCard,grid,30000,23,3,3,0.01,288,0.0096,27,0,0.5301033858661912,0.5702190882074863,0.4698966141338088,1000,mean_unweighted,0.04453662924208564,0.08084939465010456,0.5508591552828409,0.5275953417877284,0.577419283201054,0.802
CreditCard,grid,30000,23,3,3,0.01,288,0.0096,27,0,0.5301033858661912,0.5702190882074863,0.4698966141338088,1000,sd,1.267909757379678,1.227333639164081,1.033060381399823,0.8787272310329536,1.182233034418564,0.534
CreditCard,grid,30000,23,3,3,0.01,288,0.0096,27,0,0.5301033858661912,0.5702190882074863,0.4698966141338088,1000,quantiles,0.28177990930595237,0.34892535480084247,0.8075650147774014,0.7765879266082646,0.8396833468244475,0.634
CreditCard,grid,30000,23,3,3,0.01,288,0.0096,27,0,0.5301033858661912,0.5702190882074863,0.4698966141338088,1000,corr,2.4009560357519764,2.4324318951096333,0.9870599216278414,0.9490037157570427,1.0232421252763995,0.539
CreditCard,grid,30000,23,3,3,0.01,288,0.0096,27,0,0.5301033858661912,0.5702190882074863,0.4698966141338088,1000,eigvals,18.266507590879787,13.74803991186125,1.3286626826796004,0.785484979505036,2.341226780753094,0.558
CreditCard,grid,30000,23,3,3,0.01,288,0.0096,27,0,0.5301033858661912,0.5702190882074863,0.4698966141338088,1000,subspace,0.734966157632877,0.7377761917062717,0.9961912106883039,0.9687197561655152,1.025681577785475,0.496
MAGIC,grid,19020,10,3,2,0.01,186,0.009779179810725552,8,0,0.6810984121004235,0.5413045047550832,0.31890158789957646,1000,mean,0.029177340216287654,0.05262403177832644,0.5544489699913973,0.5226999095360992,0.5866460752073172,0.724
MAGIC,grid,19020,10,3,2,0.01,186,0.009779179810725552,8,0,0.6810984121004235,0.5413045047550832,0.31890158789957646,1000,mean_unweighted,0.029056540926995993,0.05262403177832643,0.5521534543266053,0.5202086941861638,0.5828889520909224,0.728
MAGIC,grid,19020,10,3,2,0.01,186,0.009779179810725552,8,0,0.6810984121004235,0.5413045047550832,0.31890158789957646,1000,sd,0.07104185990097794,0.08296141226723194,0.8563241386506389,0.7948943788097543,0.9275722377052857,0.537
MAGIC,grid,19020,10,3,2,0.01,186,0.009779179810725552,8,0,0.6810984121004235,0.5413045047550832,0.31890158789957646,1000,quantiles,0.06658239070395512,0.10004871393165354,0.6654997159627626,0.637276262473465,0.6952349710414366,0.743
MAGIC,grid,19020,10,3,2,0.01,186,0.009779179810725552,8,0,0.6810984121004235,0.5413045047550832,0.31890158789957646,1000,corr,0.8814277115109622,0.9389769440429688,0.9387107075449415,0.8930502466795983,0.9922801838569191,0.545
MAGIC,grid,19020,10,3,2,0.01,186,0.009779179810725552,8,0,0.6810984121004235,0.5413045047550832,0.31890158789957646,1000,eigvals,0.3736161917228952,0.41692153094102535,0.8961307200412831,0.8094065954212123,0.9921636426875853,0.517
MAGIC,grid,19020,10,3,2,0.01,186,0.009779179810725552,8,0,0.6810984121004235,0.5413045047550832,0.31890158789957646,1000,subspace,0.6306910234005393,0.6481421911266582,0.9730750937602385,0.9322710682138584,1.0132766486071545,0.52
EEG,grid,14980,14,3,2,0.01,145,0.009679572763684913,8,0,0.7273379022895046,0.9899035731337139,0.27266209771049543,1000,mean,0.09922180316021494,0.09405819711299974,1.054897990879112,0.6607908498394897,1.5344237289057798,0.618
EEG,grid,14980,14,3,2,0.01,145,0.009679572763684913,8,0,0.7273379022895046,0.9899035731337139,0.27266209771049543,1000,mean_unweighted,0.09142763345564427,0.09405819711299974,0.9720325953707664,0.6418401012516763,1.4166630428993274,0.613
EEG,grid,14980,14,3,2,0.01,145,0.009679572763684913,8,0,0.7273379022895046,0.9899035731337139,0.27266209771049543,1000,sd,17.44988635553824,16.83611133302441,1.0364558662254684,0.818441782584173,1.326281944241611,0.536
EEG,grid,14980,14,3,2,0.01,145,0.009679572763684913,8,0,0.7273379022895046,0.9899035731337139,0.27266209771049543,1000,quantiles,0.013249885989475439,0.01658241517883432,0.7990323391726135,0.7594041107039267,0.8406691270983239,0.623
EEG,grid,14980,14,3,2,0.01,145,0.009679572763684913,8,0,0.7273379022895046,0.9899035731337139,0.27266209771049543,1000,corr,66.79191676049551,65.76100174431704,1.0156766927028686,0.9904219761409421,1.037714051869459,0.441
EEG,grid,14980,14,3,2,0.01,145,0.009679572763684913,8,0,0.7273379022895046,0.9899035731337139,0.27266209771049543,1000,eigvals,4074.0947754096924,3795.1958935889857,1.0734873481213012,0.6829592844198658,1.829287147898858,0.539
EEG,grid,14980,14,3,2,0.01,145,0.009679572763684913,8,0,0.7273379022895046,0.9899035731337139,0.27266209771049543,1000,subspace,2.495177737973349,2.4973944398900425,0.9991123941491633,0.9945114087262736,1.003667880209454,0.504
Epileptic,grid,11500,178,3,2,0.01,110,0.009565217391304347,8,0,0.15812649390390132,0.9686275173632308,0.8418735060960987,1000,mean,1.5416788446992682,1.5692881592246821,0.9824064724103606,0.9544254595070769,1.0137874344515057,0.497
Epileptic,grid,11500,178,3,2,0.01,110,0.009565217391304347,8,0,0.15812649390390132,0.9686275173632308,0.8418735060960987,1000,mean_unweighted,1.5424873716003267,1.5692881592246821,0.9829216912988138,0.9550184104338579,1.0121811373379561,0.496
Epileptic,grid,11500,178,3,2,0.01,110,0.009565217391304347,8,0,0.15812649390390132,0.9686275173632308,0.8418735060960987,1000,sd,8.027351993566151,8.1125561541976,0.989497248584546,0.9527720315451765,1.0274616788717186,0.499
Epileptic,grid,11500,178,3,2,0.01,110,0.009565217391304347,8,0,0.15812649390390132,0.9686275173632308,0.8418735060960987,1000,quantiles,0.08555619277593234,0.09873060981275608,0.8665619805062563,0.8204740747849983,0.9195760388516673,0.536
Epileptic,grid,11500,178,3,2,0.01,110,0.009565217391304347,8,0,0.15812649390390132,0.9686275173632308,0.8418735060960987,1000,corr,1655.0348214380724,1670.5908120551044,0.990688329838295,0.9763380040316069,1.0054042442002995,0.516
Epileptic,grid,11500,178,3,2,0.01,110,0.009565217391304347,8,0,0.15812649390390132,0.9686275173632308,0.8418735060960987,1000,eigvals,932.0558427119062,940.0027188567221,0.9915459008943279,0.9446373270690877,1.0459705878224823,0.496
Epileptic,grid,11500,178,3,2,0.01,110,0.009565217391304347,8,0,0.15812649390390132,0.9686275173632308,0.8418735060960987,1000,subspace,2.368000410249528,2.3612328697764915,1.0028661046352778,0.9928441799586718,1.0131720188144584,0.506
HIGGS,grid,197428,28,3,5,0.01,1917,0.009709868914237089,125,0,0.28021039371988116,0.7552209948427471,0.7197896062801188,1000,mean,0.010897367274485103,0.014340216552714195,0.7599165071480417,0.7388440589785691,0.7835630760269536,0.727
HIGGS,grid,197428,28,3,5,0.01,1917,0.009709868914237089,125,0,0.28021039371988116,0.7552209948427471,0.7197896062801188,1000,mean_unweighted,0.010906979457551445,0.014340216552714197,0.7605868026788664,0.7401434993510748,0.7819088196809286,0.725
HIGGS,grid,197428,28,3,5,0.01,1917,0.009709868914237089,125,0,0.28021039371988116,0.7552209948427471,0.7197896062801188,1000,sd,0.029668216158753216,0.03343114807218802,0.8874423365506476,0.8295958589537642,0.9409620868648385,0.534
HIGGS,grid,197428,28,3,5,0.01,1917,0.009709868914237089,125,0,0.28021039371988116,0.7552209948427471,0.7197896062801188,1000,quantiles,0.054401253958987456,0.06112072397466422,0.890062329456992,0.8405950720846118,0.9338091659357478,0.6
HIGGS,grid,197428,28,3,5,0.01,1917,0.009709868914237089,125,0,0.28021039371988116,0.7552209948427471,0.7197896062801188,1000,corr,0.43252320337074823,0.4457466666358558,0.9703341286544936,0.9590944451834483,0.9816064195392235,0.569
HIGGS,grid,197428,28,3,5,0.01,1917,0.009709868914237089,125,0,0.28021039371988116,0.7552209948427471,0.7197896062801188,1000,eigvals,0.13341413422773551,0.15201857943346428,0.8776172933922752,0.7776664289569206,0.9976388171056887,0.54
HIGGS,grid,197428,28,3,5,0.01,1917,0.009709868914237089,125,0,0.28021039371988116,0.7552209948427471,0.7197896062801188,1000,subspace,0.12264606926609645,0.1263518562379455,0.9706708941032862,0.9211168738179687,1.0201748581746546,0.5
YearPrediction,grid,515345,90,3,8,0.01,4912,0.00953147891218504,512,0,0.2520160516203615,0.7659881348845551,0.7479839483796384,1000,mean,0.01406495666267945,0.018045764439821966,0.7794048686373194,0.7638181477201335,0.7952987022050435,0.771
YearPrediction,grid,515345,90,3,8,0.01,4912,0.00953147891218504,512,0,0.2520160516203615,0.7659881348845551,0.7479839483796384,1000,mean_unweighted,0.014321476733003604,0.018045764439821966,0.7936198425265987,0.7766415582283636,0.8102522063120128,0.753
YearPrediction,grid,515345,90,3,8,0.01,4912,0.00953147891218504,512,0,0.2520160516203615,0.7659881348845551,0.7479839483796384,1000,sd,0.10707728917340319,0.11530408406493962,0.9286513139733794,0.8847852800812026,0.980743216209881,0.548
YearPrediction,grid,515345,90,3,8,0.01,4912,0.00953147891218504,512,0,0.2520160516203615,0.7659881348845551,0.7479839483796384,1000,quantiles,0.00236572012096222,0.0028697540321934436,0.8243633755447763,0.8135795473025301,0.8358603280610496,0.834
YearPrediction,grid,515345,90,3,8,0.01,4912,0.00953147891218504,512,0,0.2520160516203615,0.7659881348845551,0.7479839483796384,1000,corr,6.296810155582434,6.621475357434541,0.9509678456346476,0.9223588161689121,0.9823993000940766,0.581
YearPrediction,grid,515345,90,3,8,0.01,4912,0.00953147891218504,512,0,0.2520160516203615,0.7659881348845551,0.7479839483796384,1000,eigvals,0.6559020485665616,0.8029160266768581,0.8168999332112425,0.6867063516581933,0.9480083680272847,0.549
YearPrediction,grid,515345,90,3,8,0.01,4912,0.00953147891218504,512,0,0.2520160516203615,0.7659881348845551,0.7479839483796384,1000,subspace,0.05918838825557337,0.061921013339013,0.9558691801686334,0.9006163529283732,1.0091645424801128,0.549
