dataset,design,strata,N,d,k,B,delta,r,realized_retention,H_N,singletons,rho_k,exact_mean_ratio,gaussian_limit,reps,analysis,mse_QS,mse_SRS,efficiency,ci_lo,ci_hi,frac_QS_closer
CreditCard,selected,hybrid:3,30000,23,4,5,0.05,1518,0.0506,488,38,0.5941149259837079,0.48394858942681085,0.40588507401629215,1000,mean,0.006956474829327445,0.014471097200255098,0.48071509250900585,0.4601826838524806,0.49982778694976926,0.869
CreditCard,selected,hybrid:3,30000,23,4,5,0.05,1518,0.0506,488,38,0.5941149259837079,0.48394858942681085,0.40588507401629215,1000,mean_unweighted,0.020449473437815998,0.014471097200255087,1.4131252906970682,1.3660749123162192,1.470315742167422,0.231
CreditCard,selected,hybrid:3,30000,23,4,5,0.05,1518,0.0506,488,38,0.5941149259837079,0.48394858942681085,0.40588507401629215,1000,sd,0.3661776521013794,0.3940902665051327,0.9291720278927779,0.8463678531519976,1.0161483866327985,0.528
CreditCard,selected,hybrid:3,30000,23,4,5,0.05,1518,0.0506,488,38,0.5941149259837079,0.48394858942681085,0.40588507401629215,1000,quantiles,0.1846986397489271,0.19972859890419756,0.9247480869653536,0.874018539305009,0.9742470900058711,0.55
CreditCard,selected,hybrid:3,30000,23,4,5,0.05,1518,0.0506,488,38,0.5941149259837079,0.48394858942681085,0.40588507401629215,1000,corr,0.7053658657346825,0.7396859459290651,0.9536018219850376,0.8774387961544524,1.0346610779315233,0.555
CreditCard,selected,hybrid:3,30000,23,4,5,0.05,1518,0.0506,488,38,0.5941149259837079,0.48394858942681085,0.40588507401629215,1000,eigvals,1.1298203442419894,1.3364547694005626,0.8453861440808397,0.6774961806582072,1.062819816745008,0.583
CreditCard,selected,hybrid:3,30000,23,4,5,0.05,1518,0.0506,488,38,0.5941149259837079,0.48394858942681085,0.40588507401629215,1000,subspace,0.5444507301103062,0.5560131986856761,0.9792046868622872,0.9492537934950246,1.0133591855792197,0.518
MAGIC,selected,hybrid:3,19020,10,4,5,0.05,980,0.05152471083070452,537,31,0.7804996818386728,0.2823479622310804,0.2195003181613272,1000,mean,0.002742400249411759,0.009526212898954478,0.2878793785632004,0.2736325427456716,0.3017821286862203,0.921
MAGIC,selected,hybrid:3,19020,10,4,5,0.05,980,0.05152471083070452,537,31,0.7804996818386728,0.2823479622310804,0.2195003181613272,1000,mean_unweighted,0.005942369052526422,0.009526212898954476,0.6237913340335498,0.5949750451661433,0.656493244108821,0.667
MAGIC,selected,hybrid:3,19020,10,4,5,0.05,980,0.05152471083070452,537,31,0.7804996818386728,0.2823479622310804,0.2195003181613272,1000,sd,0.010227957845527883,0.015338174489759878,0.6668301923645676,0.6215358019646663,0.7146698170493695,0.628
MAGIC,selected,hybrid:3,19020,10,4,5,0.05,980,0.05152471083070452,537,31,0.7804996818386728,0.2823479622310804,0.2195003181613272,1000,quantiles,0.008469808634041356,0.018603802607247,0.4552729790167734,0.4403275791261843,0.4711656383302705,0.931
MAGIC,selected,hybrid:3,19020,10,4,5,0.05,980,0.05152471083070452,537,31,0.7804996818386728,0.2823479622310804,0.2195003181613272,1000,corr,0.12496436381136039,0.17616955756534386,0.7093414182243677,0.6801908313571471,0.7371332875328571,0.682
MAGIC,selected,hybrid:3,19020,10,4,5,0.05,980,0.05152471083070452,537,31,0.7804996818386728,0.2823479622310804,0.2195003181613272,1000,eigvals,0.04093871246141209,0.07825053984963509,0.5231748246092516,0.48370282377779744,0.5687311276448647,0.648
MAGIC,selected,hybrid:3,19020,10,4,5,0.05,980,0.05152471083070452,537,31,0.7804996818386728,0.2823479622310804,0.2195003181613272,1000,subspace,0.4823946933353369,0.4873013422963098,0.9899309758970676,0.9264851381017989,1.0560549606681942,0.535
EEG,selected,hybrid:1,14980,14,4,5,0.05,730,0.048731642189586116,157,5,0.9151745292071677,0.2243593725486419,0.49996688349633134,1000,mean,0.0040285901446256624,0.018231762783789407,0.22096547615284046,0.18057202604601386,0.2693711504741269,0.768
EEG,selected,hybrid:1,14980,14,4,5,0.05,730,0.048731642189586116,157,5,0.9151745292071677,0.2243593725486419,0.49996688349633134,1000,mean_unweighted,0.1692050561587427,0.018231762783789414,9.280784209697465,8.338702862881942,10.61010679438192,0.005
EEG,selected,hybrid:1,14980,14,4,5,0.05,730,0.048731642189586116,157,5,0.9151745292071677,0.2243593725486419,0.49996688349633134,1000,sd,3.259592348048782,13.582587231208395,0.23998317055231513,0.2201360977509668,0.2644163952155397,0.965
EEG,selected,hybrid:1,14980,14,4,5,0.05,730,0.048731642189586116,157,5,0.9151745292071677,0.2243593725486419,0.49996688349633134,1000,quantiles,0.001943051855675706,0.0032151370570554726,0.6043449536347966,0.5822586381676182,0.6282474786884541,0.797
EEG,selected,hybrid:1,14980,14,4,5,0.05,730,0.048731642189586116,157,5,0.9151745292071677,0.2243593725486419,0.49996688349633134,1000,corr,25.806475047517228,71.32627770005926,0.36180880146358435,0.3551977967491496,0.36876496238719914,1.0
EEG,selected,hybrid:1,14980,14,4,5,0.05,730,0.048731642189586116,157,5,0.9151745292071677,0.2243593725486419,0.49996688349633134,1000,eigvals,78.02035117836498,691.877473365956,0.11276613877714375,0.08472589911084939,0.14772895502046948,0.963
EEG,selected,hybrid:1,14980,14,4,5,0.05,730,0.048731642189586116,157,5,0.9151745292071677,0.2243593725486419,0.49996688349633134,1000,subspace,0.9102644156739899,2.3997310670800744,0.3793193446387199,0.3753595921057849,0.38404318894224054,0.996
Epileptic,selected,hybrid:2,11500,178,3,5,0.05,514,0.044695652173913046,125,0,0.1581264939039013,0.9016848053200517,0.8418735060960987,1000,mean,0.2956648803656374,0.32864267996810886,0.8996545439391146,0.8787776730611336,0.919495777208616,0.619
Epileptic,selected,hybrid:2,11500,178,3,5,0.05,514,0.044695652173913046,125,0,0.1581264939039013,0.9016848053200517,0.8418735060960987,1000,mean_unweighted,0.3100145104527783,0.32864267996810886,0.9433178626794967,0.923850110943489,0.9625465630374456,0.575
Epileptic,selected,hybrid:2,11500,178,3,5,0.05,514,0.044695652173913046,125,0,0.1581264939039013,0.9016848053200517,0.8418735060960987,1000,sd,1.5731978296787266,1.7849605268362672,0.8813628122449985,0.8528985514006479,0.9091357421054194,0.589
Epileptic,selected,hybrid:2,11500,178,3,5,0.05,514,0.044695652173913046,125,0,0.1581264939039013,0.9016848053200517,0.8418735060960987,1000,quantiles,0.013017058746043175,0.014880230255896784,0.8747887984384337,0.8519645076875751,0.8978751388853731,0.627
Epileptic,selected,hybrid:2,11500,178,3,5,0.05,514,0.044695652173913046,125,0,0.1581264939039013,0.9016848053200517,0.8418735060960987,1000,corr,354.7040694878568,371.9172537758596,0.9537177043730902,0.9456773557093002,0.9619716416340761,0.638
Epileptic,selected,hybrid:2,11500,178,3,5,0.05,514,0.044695652173913046,125,0,0.1581264939039013,0.9016848053200517,0.8418735060960987,1000,eigvals,70.69931108016544,78.00092777609144,0.9063906429820177,0.8591795670177423,0.963544939654376,0.537
Epileptic,selected,hybrid:2,11500,178,3,5,0.05,514,0.044695652173913046,125,0,0.1581264939039013,0.9016848053200517,0.8418735060960987,1000,subspace,1.8776441973679439,1.8913761158894535,0.9927397208803961,0.9799547879580162,1.0074427913984294,0.508
HIGGS,selected,hybrid:4,197428,28,5,5,0.05,8945,0.04530765646210264,3027,33,0.3780655715149503,0.6543149805665232,0.6219344284850497,1000,mean,0.001975654185000663,0.0030033073655922533,0.6578261711188736,0.6392515807302208,0.6767308838342233,0.806
HIGGS,selected,hybrid:4,197428,28,5,5,0.05,8945,0.04530765646210264,3027,33,0.3780655715149503,0.6543149805665232,0.6219344284850497,1000,mean_unweighted,0.003247312423749532,0.0030033073655922563,1.0812454499172306,1.0505549087533572,1.1105691142087701,0.405
HIGGS,selected,hybrid:4,197428,28,5,5,0.05,8945,0.04530765646210264,3027,33,0.3780655715149503,0.6543149805665232,0.6219344284850497,1000,sd,0.005549210165663395,0.007230624272003652,0.7674593447137689,0.7280525851278936,0.8164394849578914,0.611
HIGGS,selected,hybrid:4,197428,28,5,5,0.05,8945,0.04530765646210264,3027,33,0.3780655715149503,0.6543149805665232,0.6219344284850497,1000,quantiles,0.022169075900075438,0.027070770721857394,0.8189303558385855,0.7528163108083918,0.8830411873122822,0.645
HIGGS,selected,hybrid:4,197428,28,5,5,0.05,8945,0.04530765646210264,3027,33,0.3780655715149503,0.6543149805665232,0.6219344284850497,1000,corr,0.0867666802100077,0.09388608282513271,0.9241697768093571,0.9136916290963769,0.9337900763272882,0.683
HIGGS,selected,hybrid:4,197428,28,5,5,0.05,8945,0.04530765646210264,3027,33,0.3780655715149503,0.6543149805665232,0.6219344284850497,1000,eigvals,0.02304691982662647,0.031130432383287006,0.7403340738370107,0.6637188854983188,0.8452168470157561,0.559
HIGGS,selected,hybrid:4,197428,28,5,5,0.05,8945,0.04530765646210264,3027,33,0.3780655715149503,0.6543149805665232,0.6219344284850497,1000,subspace,0.019165182789480893,0.0270863010245436,0.7075599865819561,0.6773848257422345,0.7355134100115104,0.725
YearPrediction,selected,hybrid:4,515345,90,5,5,0.05,24560,0.04765739456092521,3102,17,0.3315101974951091,0.7059094540880245,0.6684898025048909,1000,mean,0.002471567091673239,0.003487571718875424,0.708678499225301,0.6947442545290068,0.723113873302436,0.85
YearPrediction,selected,hybrid:4,515345,90,5,5,0.05,24560,0.04765739456092521,3102,17,0.3315101974951091,0.7059094540880245,0.6684898025048909,1000,mean_unweighted,0.0028555095953169364,0.003487571718875424,0.818767275770232,0.8035651175238374,0.8342340305942767,0.726
YearPrediction,selected,hybrid:4,515345,90,5,5,0.05,24560,0.04765739456092521,3102,17,0.3315101974951091,0.7059094540880245,0.6684898025048909,1000,sd,0.02009672823681633,0.022330133152115784,0.8999824631548229,0.8661947733026003,0.9373237337105503,0.576
YearPrediction,selected,hybrid:4,515345,90,5,5,0.05,24560,0.04765739456092521,3102,17,0.3315101974951091,0.7059094540880245,0.6684898025048909,1000,quantiles,0.00043492703446844263,0.0005559526808641368,0.7823094472580296,0.771824340553335,0.7924969790156122,0.886
YearPrediction,selected,hybrid:4,515345,90,5,5,0.05,24560,0.04765739456092521,3102,17,0.3315101974951091,0.7059094540880245,0.6684898025048909,1000,corr,1.2364954163659398,1.3255958965933918,0.9327845835548914,0.9150145558422298,0.94965115378129,0.612
YearPrediction,selected,hybrid:4,515345,90,5,5,0.05,24560,0.04765739456092521,3102,17,0.3315101974951091,0.7059094540880245,0.6684898025048909,1000,eigvals,0.09324502691206388,0.11909353774750642,0.7829562264726345,0.7125247060802491,0.866829189615444,0.57
YearPrediction,selected,hybrid:4,515345,90,5,5,0.05,24560,0.04765739456092521,3102,17,0.3315101974951091,0.7059094540880245,0.6684898025048909,1000,subspace,0.009595147700662268,0.011277792259343283,0.8508001814551072,0.8178041948502996,0.8856743217822873,0.616
