delta,design,r,cells,KL_pred,KL_obs,KL_se,JS_pred,JS_obs,JS_se,srs_bound
0.02,PCA-QS grid,986,53,0.02233803080205137,0.01845355077738717,0.0001182513488970006,0.005584507700512843,0.004877537399149103,2.9815157722459677e-05,0.02584916835699797
0.02,PCA-QS profile,993,53,0.02364529105137514,0.019898048011191976,0.00012153188029644754,0.005911322762843785,0.005222506686770632,3.0265681129927026e-05,0.025663282980866065
0.02,SRS,986,53,0.025849685350704987,0.02227060459025261,0.00013784074654135588,0.006462421337676247,0.005823804981700587,3.386072725645473e-05,0.02584916835699797
0.05,PCA-QS grid,2488,53,0.008586809763386676,0.00798586184608798,4.909920694530543e-05,0.002146702440846669,0.0021282293758817616,1.2762000843954185e-05,0.00993016077170418
0.05,PCA-QS profile,2493,53,0.009132982253435428,0.008612883333167091,5.014718104381124e-05,0.002283245563358857,0.002284608702900111,1.30901677034946e-05,0.009909201764941837
0.05,SRS,2488,53,0.009930359378891756,0.009476815113381653,5.7487014765178765e-05,0.002482589844722939,0.0025036751390303384,1.4654569178287481e-05,0.00993016077170418
0.1,PCA-QS grid,4990,53,0.004054912242250265,0.004063801208948897,2.554215283261792e-05,0.0010137280605625662,0.001089026427412341,6.923645077812501e-06,0.004690420841683367
0.1,PCA-QS profile,4994,53,0.0043180451230116984,0.004347202010393703,2.575542383611934e-05,0.0010795112807529246,0.0011585031041262128,6.847396040049158e-06,0.0046862474969963964
0.1,SRS,4990,53,0.004690514651976406,0.004724221899572754,2.6954557441358623e-05,0.0011726286629941015,0.0012543882022554925,7.128873427728409e-06,0.004690420841683367
