spectrum,k,B,J,possible_strata,occupied,ratio,limit
geometric,5,5,0,126,126,0.8507553885184092,0.8334811308204685
geometric,5,5,1,350,350,0.6118509642769678,0.5666717375588902
geometric,5,5,2,875,875,0.44620051750486706,0.3821970410177744
geometric,5,5,3,1875,1875,0.33179708468205665,0.2549405001397959
geometric,5,5,4,3125,3125,0.2532681325402496,0.16740565410234254
geometric,5,5,5,3125,3125,0.2532681325402496,0.16740565410234254
geometric,5,8,0,792,792,0.8427242040081111,0.8334811308204685
geometric,5,8,1,2640,2640,0.5910447033167092,0.5666717375588902
geometric,5,8,2,7680,7680,0.4165323390706846,0.3821970410177744
geometric,5,8,3,18432,18432,0.2959768658134741,0.2549405001397959
geometric,5,8,4,32768,32768,0.21325263438726705,0.16740565410234254
geometric,5,8,5,32768,32768,0.21325263438726705,0.16740565410234254
two-spike,5,5,0,126,126,0.8866276982671673,0.8737100737100737
two-spike,5,5,1,350,350,0.6602331674556551,0.621007371007371
two-spike,5,5,2,875,875,0.517427070344177,0.46191646191646196
two-spike,5,5,3,1875,1875,0.4744912285583645,0.41400491400491407
two-spike,5,5,4,3125,3125,0.43369442132838915,0.3685503685503686
two-spike,5,5,5,3125,3125,0.43369442132838915,0.3685503685503686
two-spike,5,8,0,792,792,0.8805653611852413,0.8737100737100737
two-spike,5,8,1,2640,2640,0.6420242392941954,0.621007371007371
two-spike,5,8,2,7680,7680,0.4915639321849711,0.46191646191646196
two-spike,5,8,3,18432,18432,0.44632112408078733,0.41400491400491407
two-spike,5,8,4,32768,32768,0.4033230000385089,0.3685503685503686
two-spike,5,8,5,32768,32768,0.4033230000385089,0.3685503685503686
