dataset,N,d,k,B,J,delta,possible_strata,H_N,occupancy,realized_retention,kappa_w,exact_mean_ratio,proportional_ratio,gaussian_limit,passes_check,rule_J
CreditCard,30000,23,7,5,0,0.05,330,315,0.21,0.04733333333333333,1.0311082642230365,0.8453859162130779,0.7965409676570819,0.8971759704696946,True,0
CreditCard,30000,23,7,5,1,0.05,1050,946,0.6306666666666667,0.0516,1.1881039725800866,0.6950872896032698,0.5671589251968289,0.6429701778345567,False,0
CreditCard,30000,23,7,5,2,0.05,3150,2247,1.498,0.08413333333333334,1.680169670573192,0.7623844570567329,0.4402955207687339,0.48591010657024136,False,0
MAGIC,19020,10,4,5,0,0.05,70,69,0.07255520504731862,0.048370136698212406,1.0026708122569126,0.5882076573090591,0.5884220157373837,0.8048750795403318,True,1
MAGIC,19020,10,4,5,1,0.05,175,161,0.16929547844374343,0.04779179810725552,1.0223061052048419,0.41995699786605467,0.413134278680629,0.4582340460929439,True,1
MAGIC,19020,10,4,5,2,0.05,375,325,0.34174553101997895,0.048843322818086225,1.0767717053536023,0.3536463449415338,0.324795786087703,0.3197912190268096,False,1
MAGIC,19020,10,4,5,3,0.05,625,537,0.5646687697160884,0.05152471083070452,1.1689745327299725,0.2823479622310804,0.24498862852561162,0.2195003181613272,False,1
MAGIC,19020,10,4,5,4,0.05,625,537,0.5646687697160884,0.05152471083070452,1.1689745327299725,0.2823479622310804,0.24498862852561162,0.2195003181613272,False,1
EEG,14980,14,3,5,0,0.05,35,35,0.04672897196261682,0.04886515353805074,1.0004724972854941,0.9107384967396212,0.9128058390062684,0.7575540325701652,True,3
EEG,14980,14,3,5,1,0.05,75,73,0.09746328437917223,0.048531375166889185,1.012300132757964,0.6719505943134513,0.6797440880094597,0.49009984377928806,True,3
EEG,14980,14,3,5,2,0.05,125,114,0.15220293724966621,0.048664886515353806,1.029610597718416,0.3974356413489637,0.40238349523910877,0.27266209771049543,True,3
EEG,14980,14,3,5,3,0.05,125,114,0.15220293724966621,0.048664886515353806,1.029610597718416,0.3974356413489637,0.40238349523910877,0.27266209771049543,True,3
Epileptic,11500,178,10,5,0,0.05,1001,870,1.5130434782608695,0.08191304347826087,1.6653087939508504,1.7474675334449468,0.9563266189330314,0.9557874308338572,False,-1
HIGGS,197428,28,10,5,0,0.05,1001,940,0.09522458820430738,0.04908118402658184,1.0156397316186043,0.9327428978962887,0.9132879631356882,0.9403190088559021,True,0
HIGGS,197428,28,10,5,1,0.05,3575,3164,0.3205219117855623,0.05018031890106773,1.0881438255204228,0.8993935422078042,0.8204009556267726,0.8011574945536909,False,0
HIGGS,197428,28,10,5,2,0.05,12375,10152,1.0284255526065198,0.06616082825131187,1.4356488641767273,1.120740320145105,0.7520678541450502,0.7364610757675212,False,0
YearPrediction,515345,90,10,5,0,0.05,1001,983,0.03814920102067547,0.04932811999728337,1.0028136365053244,0.9124206389317874,0.9096116678496947,0.9552948332449076,True,1
YearPrediction,515345,90,10,5,1,0.05,3575,3431,0.1331535185167218,0.048664486897127164,1.0218644839830329,0.8685174784860406,0.8531662658017264,0.8480700516444556,True,1
YearPrediction,515345,90,10,5,2,0.05,12375,11351,0.4405204280627541,0.051357828250977504,1.1323954094171969,0.8937849645026443,0.7923112504547086,0.7752948953694817,False,1
YearPrediction,515345,90,10,5,3,0.05,41250,34079,1.3225703169721255,0.07888113787850858,1.5841016823061291,1.25952277069355,0.7366638823474535,0.7201217175324154,False,1
