k,J,H_N,kappa_w,exact_mean_ratio,realized_retention,gaussian_limit,dataset
4,3,488,1.0917769762255103,0.48394858942681085,0.0506,0.40588507401629237,CreditCard
3,2,117,1.0061765705665873,0.4965592757207682,0.048466666666666665,0.4698966141338088,CreditCard
4,2,321,1.0392136506226293,0.49815576494429514,0.048233333333333336,0.4716073794535643,CreditCard
5,2,767,1.1332024411834214,0.5100049348484788,0.048633333333333334,0.4786562934685608,CreditCard
5,3,1406,1.3944465683655205,0.5363676234231485,0.062433333333333334,0.41560306237890937,CreditCard
4,1,169,1.010729953591164,0.564671563440991,0.04816666666666667,0.6123069278346945,CreditCard
3,1,72,1.0007471148473528,0.5717477059424502,0.0489,0.5927072344388522,CreditCard
5,1,339,1.02370496410922,0.5759589266156737,0.04593333333333333,0.6269657687139242,CreditCard
2,1,24,1.000610480376808,0.5840772101706088,0.0496,0.5373296848908362,CreditCard
6,2,1361,1.3561297697299584,0.5948946698541637,0.062033333333333336,0.4829202983214347,CreditCard
6,1,587,1.0840368301339178,0.602881583127203,0.04753333333333333,0.6363527115177625,CreditCard
2,0,15,1.0000458084610582,0.6376679630680888,0.04973333333333333,0.7686648424454181,CreditCard
7,1,946,1.1881039725800866,0.6950872896032698,0.0516,0.6429701778345567,CreditCard
1,0,5,1.0,0.7284316896475256,0.05,0.7155178547438956,CreditCard
3,0,35,1.0000999401685975,0.7436820773128446,0.0495,0.8232988713779362,CreditCard
4,0,70,1.0017879119591064,0.7571324707646976,0.04886666666666667,0.8514712685040731,CreditCard
5,0,126,1.003581884720898,0.7939027890194453,0.04816666666666667,0.8722619021248019,CreditCard
6,0,205,1.0145747366902715,0.8120116039699429,0.04766666666666667,0.8866153564355383,CreditCard
8,1,1465,1.3450905915555553,0.8239462489312805,0.06113333333333333,0.6478209868301545,CreditCard
7,0,315,1.0311082642230365,0.8453859162130779,0.04733333333333333,0.8971759704696946,CreditCard
8,0,473,1.0647775054912572,0.8953072116774505,0.047433333333333334,0.9052049724184635,CreditCard
9,0,673,1.1053359932142857,0.9019066881688185,0.0486,0.9115288190988466,CreditCard
10,0,924,1.1810969274444445,0.9660574516307773,0.0514,0.916971895196421,CreditCard
