dataset,method,kernel,r,predicted,observed,se,r_obs,srs_same_size,pred_ratio,obs_ratio,N,d,k_grid,k_profile,H_grid,H_profile
CreditCard,PCA-QS grid,rbf,1454,0.0001522901718529497,0.00015167895332423575,1.162719936104701e-06,1454.0,0.0002840118716965975,0.5362105849421581,0.5340584969851909,30000,23,3,7,117,315
CreditCard,PCA-QS profile,rbf,1420,0.00023823702733877757,0.00023985560302228093,2.5562689445225532e-06,1420.0,0.00029115853068758434,0.8182381837694049,0.8237972710462951,30000,23,3,7,117,315
CreditCard,SRS,rbf,1454,0.0002840118716965975,0.00028043435998003664,3.327429579690105e-06,1454.0,0.0002840118716965975,1.0,0.9874036543078643,30000,23,3,7,117,315
CreditCard,Coreset,rbf,1454,0.0010925501167340134,0.0011194327486826379,2.921731582055303e-05,1454.0,0.0002840118716965975,3.846846648372348,3.9414998464518374,30000,23,3,7,117,315
CreditCard,Leverage,rbf,1454,0.06834894525061244,0.06815478484492453,0.00014697194395261082,1454.0,0.0002840118716965975,240.65524036835984,239.9716055451813,30000,23,3,7,117,315
CreditCard,PCA-QS grid,energy,1454,0.002541141281593644,0.0025374647371881557,1.1619208975504026e-05,1454.0,0.003916719641563986,0.6487932540862027,0.6478545745936822,30000,23,3,7,117,315
CreditCard,PCA-QS profile,energy,1420,0.0034919512356491114,0.0035118157810507537,2.640483654686873e-05,1420.0,0.0040152769993052175,0.8696663359099112,0.8746135775087048,30000,23,3,7,117,315
CreditCard,SRS,energy,1454,0.003916719641563986,0.003895850058524583,3.3796625318804895e-05,1454.0,0.003916719641563986,1.0,0.9946716678881132,30000,23,3,7,117,315
CreditCard,Coreset,energy,1454,0.008224307726337848,0.008296424257960849,9.809316262459742e-05,1454.0,0.003916719641563986,2.0997948484905593,2.118207330930636,30000,23,3,7,117,315
CreditCard,Leverage,energy,1454,1.1408406071014576,1.1385314178762342,0.0031172972244573184,1454.0,0.003916719641563986,291.2745132418792,290.68494098842547,30000,23,3,7,117,315
CreditCard,PCA-QS grid,mahal,1454,0.012738758343495932,0.012785544242015943,0.0001270119969290822,1454.0,0.015051660882076672,0.8463357262230832,0.8494440807685754,30000,23,3,7,117,315
CreditCard,PCA-QS profile,mahal,1420,0.014814519117216129,0.015053491254064053,0.0001534451202959888,1420.0,0.01543040944258435,0.9600859375987453,0.9755730274091049,30000,23,3,7,117,315
CreditCard,SRS,mahal,1454,0.01505166088207667,0.015170072975932366,0.00014386514920900983,1454.0,0.015051660882076672,0.9999999999999999,1.007867045024692,30000,23,3,7,117,315
CreditCard,Coreset,mahal,1454,0.01502378499583593,0.014976794171429752,0.0001688939639318377,1454.0,0.015051660882076672,0.9981479860289746,0.9950260166480318,30000,23,3,7,117,315
CreditCard,Leverage,mahal,1454,9.421496841272623,9.39741841050078,0.053806814921949976,1454.0,0.015051660882076672,625.9440014684109,624.344282277254,30000,23,3,7,117,315
