dataset,N,d,method,part,seconds
CreditCard,30000,23,PCA-QS grid,pca,0.003517828503390774
CreditCard,30000,23,PCA-QS grid,strata,0.010245504992781207
CreditCard,30000,23,PCA-QS grid,sample,0.0026593799993861467
CreditCard,30000,23,PCA-QS grid,total,0.01647677898290567
CreditCard,30000,23,PCA-QS profile,pca,0.0035063069663010538
CreditCard,30000,23,PCA-QS profile,strata,0.011499180516693741
CreditCard,30000,23,PCA-QS profile,sample,0.002710519009269774
CreditCard,30000,23,PCA-QS profile,total,0.01764156753779389
CreditCard,30000,23,SRS,total,2.3209984647110105e-05
CreditCard,30000,23,Leverage,total,0.023102494014892727
CreditCard,30000,23,Coreset,total,0.023474617482861504
MAGIC,19020,10,PCA-QS grid,pca,0.000743514479836449
MAGIC,19020,10,PCA-QS grid,strata,0.005627042992273346
MAGIC,19020,10,PCA-QS grid,sample,0.0016316850087605417
MAGIC,19020,10,PCA-QS grid,total,0.007980886497534811
MAGIC,19020,10,PCA-QS profile,pca,0.0007515574980061501
MAGIC,19020,10,PCA-QS profile,strata,0.004995188501197845
MAGIC,19020,10,PCA-QS profile,sample,0.0016326525073964149
MAGIC,19020,10,PCA-QS profile,total,0.0074497425521258265
MAGIC,19020,10,SRS,total,1.7461978131905198e-05
MAGIC,19020,10,Leverage,total,0.0048120589926838875
MAGIC,19020,10,Coreset,total,0.004822667018743232
EEG,14980,14,PCA-QS grid,pca,0.0008701210026629269
EEG,14980,14,PCA-QS grid,strata,0.00477744301315397
EEG,14980,14,PCA-QS grid,sample,0.0010547249985393137
EEG,14980,14,PCA-QS grid,total,0.006710482994094491
EEG,14980,14,PCA-QS profile,pca,0.0008845914853736758
EEG,14980,14,PCA-QS profile,strata,0.0035082345129922032
EEG,14980,14,PCA-QS profile,sample,0.0010824705241248012
EEG,14980,14,PCA-QS profile,total,0.005497681529959664
EEG,14980,14,SRS,total,1.5541998436674476e-05
EEG,14980,14,Leverage,total,0.005806949484394863
EEG,14980,14,Coreset,total,0.006156369490781799
Epileptic,11500,178,PCA-QS grid,pca,0.017728276026900858
Epileptic,11500,178,PCA-QS grid,strata,0.007469081494491547
Epileptic,11500,178,PCA-QS grid,sample,0.0009923579927999526
Epileptic,11500,178,PCA-QS grid,total,0.02616703000967391
Epileptic,11500,178,PCA-QS profile,pca,0.017613142990740016
Epileptic,11500,178,PCA-QS profile,strata,0.009523715998511761
Epileptic,11500,178,PCA-QS profile,sample,0.0010170724999625236
Epileptic,11500,178,PCA-QS profile,total,0.02799935548682697
Epileptic,11500,178,SRS,total,1.4357996406033635e-05
Epileptic,11500,178,Leverage,total,0.1717831929854583
Epileptic,11500,178,Coreset,total,0.1699634519754909
HIGGS,197428,28,PCA-QS grid,pca,0.02637689100811258
HIGGS,197428,28,PCA-QS grid,strata,0.09723268449306488
HIGGS,197428,28,PCA-QS grid,sample,0.022997651540208608
HIGGS,197428,28,PCA-QS grid,total,0.14685123099479824
HIGGS,197428,28,PCA-QS profile,pca,0.026310825516702607
HIGGS,197428,28,PCA-QS profile,strata,0.10203750897198915
HIGGS,197428,28,PCA-QS profile,sample,0.022916623973287642
HIGGS,197428,28,PCA-QS profile,total,0.15147666295524687
HIGGS,197428,28,SRS,total,0.0003307025181129575
HIGGS,197428,28,Leverage,total,0.33329760550986975
HIGGS,197428,28,Coreset,total,0.3487863614864182
YearPrediction,515345,90,PCA-QS grid,pca,0.27909597699181177
YearPrediction,515345,90,PCA-QS grid,strata,0.39299589849542826
YearPrediction,515345,90,PCA-QS grid,sample,0.06781418100581504
YearPrediction,515345,90,PCA-QS grid,total,0.7402062645123806
YearPrediction,515345,90,PCA-QS profile,pca,0.2790421239915304
YearPrediction,515345,90,PCA-QS profile,strata,0.34761285997228697
YearPrediction,515345,90,PCA-QS profile,sample,0.0684806604986079
YearPrediction,515345,90,PCA-QS profile,total,0.6960913379734848
YearPrediction,515345,90,SRS,total,0.000769349979236722
YearPrediction,515345,90,Leverage,total,7.424156919500092
YearPrediction,515345,90,Coreset,total,7.41205543151591
