dataset,design,N,d,k,B,r,H_N,rho_k,PC,random_mean,random_min,axes_mean,axes_min
CreditCard,profile,30000,23,3,5,1485,35,0.46989661413380884,0.7436820773128446,0.8162492151075993,0.7317002813429387,0.7534157501461795,0.6875015207428794
CreditCard,grid,30000,23,3,5,1454,117,0.46989661413380884,0.49655927572076825,0.6471010396888743,0.5871127313671161,0.6791848990386421,0.6036025358591155
MAGIC,profile,19020,10,3,5,934,35,0.31890158789957607,0.6018220881293417,0.7363553110872624,0.5811931829032723,0.6698504954707345,0.5433284054810767
MAGIC,grid,19020,10,3,4,925,63,0.31890158789957607,0.35738144251799664,0.5073593021314864,0.41471016060581145,0.49817592025773816,0.438703810914121
EEG,profile,14980,14,3,5,732,35,0.27266209771049577,0.9107384967396208,0.8541101833287936,0.4849000094334816,0.9450407268464481,0.9023210761535538
EEG,grid,14980,14,3,4,731,60,0.27266209771049577,0.47700933583299415,0.8115882254952613,0.26243162526896413,0.817547586496165,0.5312445701003611
Epileptic,profile,11500,178,3,5,558,35,0.8418735060960988,0.9660604507117325,0.9761413614023432,0.9635203020682032,0.966133760028184,0.9598580541129117
Epileptic,grid,11500,178,3,3,563,27,0.8418735060960988,0.9417327343531431,0.9525101092941115,0.9433690475595728,0.9515018038185955,0.94219328825778
HIGGS,profile,197428,28,3,5,9853,35,0.7197896062801186,0.9095215401573877,0.9397809956707219,0.9216090731216378,0.9442278994832654,0.9263356833861344
HIGGS,grid,197428,28,3,9,9527,729,0.7197896062801186,0.7273335090336219,0.8325015427964996,0.7940850598494467,0.8523309975629783,0.8104475474380924
YearPrediction,profile,515345,90,3,5,25750,35,0.7479839483796387,0.8997369523872247,0.9537422201874636,0.9379735446118302,0.956135686613092,0.9418530053749234
YearPrediction,grid,515345,90,3,13,24841,2192,0.7479839483796387,0.7509816957841652,0.8866236965191117,0.8649446112063401,0.8811380889975406,0.8219182228985625
