design,delta,phi,cover_conditional,cover_unconditional,n_cond,n_uncond
profile,0.02,x1,0.9494,0.949,10000,1000
profile,0.02,x2^2,0.9410999999999999,0.945,10000,1000
profile,0.02,sin(x1+x2),0.9505999999999999,0.936,10000,1000
profile,0.02,1{x1>0},0.9503999999999999,0.95,10000,1000
profile,0.02,x6 (tail),0.9515999999999998,0.941,10000,1000
profile,0.05,x1,0.9483999999999998,0.946,10000,1000
profile,0.05,x2^2,0.9476000000000001,0.949,10000,1000
profile,0.05,sin(x1+x2),0.952,0.944,10000,1000
profile,0.05,1{x1>0},0.9485000000000001,0.945,10000,1000
profile,0.05,x6 (tail),0.9501000000000002,0.95,10000,1000
profile,0.2,x1,0.9468,0.962,10000,1000
profile,0.2,x2^2,0.9497,0.947,10000,1000
profile,0.2,sin(x1+x2),0.9516,0.954,10000,1000
profile,0.2,1{x1>0},0.9461999999999999,0.963,10000,1000
profile,0.2,x6 (tail),0.9457000000000001,0.951,10000,1000
grid,0.02,x1,0.9521000000000001,0.953,10000,1000
grid,0.02,x2^2,0.9427999999999999,0.946,10000,1000
grid,0.02,sin(x1+x2),0.9465999999999999,0.938,10000,1000
grid,0.02,1{x1>0},0.9454999999999998,0.956,10000,1000
grid,0.02,x6 (tail),0.952,0.95,10000,1000
grid,0.05,x1,0.9503,0.948,10000,1000
grid,0.05,x2^2,0.9476000000000001,0.947,10000,1000
grid,0.05,sin(x1+x2),0.9490999999999999,0.956,10000,1000
grid,0.05,1{x1>0},0.9493999999999998,0.952,10000,1000
grid,0.05,x6 (tail),0.9488999999999999,0.957,10000,1000
grid,0.2,x1,0.952,0.958,10000,1000
grid,0.2,x2^2,0.9495999999999999,0.947,10000,1000
grid,0.2,sin(x1+x2),0.9518000000000001,0.945,10000,1000
grid,0.2,1{x1>0},0.9450999999999998,0.966,10000,1000
grid,0.2,x6 (tail),0.9479000000000001,0.936,10000,1000
