design,B,directions,empirical,limit,rho_k
grid,16,PC,0.3571557368654015,0.34247534617724906,0.34247534617724923
grid,16,top-variance axes,0.47568698560077927,0.4636455975951801,0.34247534617724923
grid,16,random,0.5991312232315968,0.5898301305002025,0.34247534617724923
grid,16,random,0.6054920436018147,0.5957311156445139,0.34247534617724923
grid,16,random,0.5658456787202372,0.5547592031718791,0.34247534617724923
grid,16,random,0.5180091947090667,0.5051294807129424,0.34247534617724923
grid,16,random,0.6080593370812064,0.5989837871417564,0.34247534617724923
grid,16,random,0.4944564861227753,0.48198652059028724,0.34247534617724923
grid,16,random,0.5998044440171955,0.5839368526809248,0.34247534617724923
grid,16,random,0.5430836588676647,0.5300977700917983,0.34247534617724923
grid,16,random,0.5122726216133853,0.5014281232827706,0.34247534617724923
grid,16,random,0.5647962300227092,0.5528230971087138,0.34247534617724923
grid,16,random,0.48710777039961684,0.47499604896744096,0.34247534617724923
grid,16,random,0.5139650205339606,0.5015987733718298,0.34247534617724923
grid,16,random,0.5540037102551733,0.5425603799805916,0.34247534617724923
grid,16,random,0.526902387810199,0.5150367927055299,0.34247534617724923
grid,16,random,0.7529993077462867,0.7471239307365745,0.34247534617724923
grid,16,random,0.5979810194042936,0.5881600543119563,0.34247534617724923
grid,16,random,0.6541371643691734,0.6458535930542495,0.34247534617724923
grid,16,random,0.4545147920737065,0.44149236843806017,0.34247534617724923
grid,16,random,0.5197820961479978,0.5078307674230782,0.34247534617724923
grid,16,random,0.5781898802322096,0.5678109261702025,0.34247534617724923
grid,16,random,0.7109722931144147,0.7037459325581357,0.34247534617724923
grid,16,random,0.5077695568613827,0.49644928210734685,0.34247534617724923
grid,16,random,0.5974479834331332,0.5853057505371031,0.34247534617724923
grid,16,random,0.5737494362903365,0.5638588744133034,0.34247534617724923
grid,16,random,0.6489767128821154,0.639692343106181,0.34247534617724923
grid,16,random,0.5447142595658475,0.5339683648832496,0.34247534617724923
grid,16,random,0.6101916960648637,0.6015810343427916,0.34247534617724923
grid,16,random,0.5321209475186878,0.5214752818194393,0.34247534617724923
grid,16,random,0.49577883054323174,0.48377222257163865,0.34247534617724923
grid,16,random,0.5354059513969188,0.5247835533020362,0.34247534617724923
profile,5,PC,0.8031974775624996,0.34247534617724906,0.34247534617724923
profile,5,top-variance axes,0.8498161131175537,0.4636455975951801,0.34247534617724923
profile,5,random,0.844119373115697,0.5898301305002025,0.34247534617724923
profile,5,random,0.9017034801180557,0.5957311156445139,0.34247534617724923
profile,5,random,0.7389751427565807,0.5547592031718791,0.34247534617724923
profile,5,random,0.8192472207459678,0.5051294807129424,0.34247534617724923
profile,5,random,0.8943697765207245,0.5989837871417564,0.34247534617724923
profile,5,random,0.78750844934969,0.48198652059028724,0.34247534617724923
profile,5,random,0.8238007211246576,0.5839368526809248,0.34247534617724923
profile,5,random,0.8679261997533447,0.5300977700917983,0.34247534617724923
profile,5,random,0.7443287132511183,0.5014281232827706,0.34247534617724923
profile,5,random,0.7894220026227393,0.5528230971087138,0.34247534617724923
profile,5,random,0.8486298212018253,0.47499604896744096,0.34247534617724923
profile,5,random,0.8689549827418321,0.5015987733718298,0.34247534617724923
profile,5,random,0.7948624067532599,0.5425603799805916,0.34247534617724923
profile,5,random,0.8534760610634573,0.5150367927055299,0.34247534617724923
profile,5,random,0.9424343307859127,0.7471239307365745,0.34247534617724923
profile,5,random,0.8196397916117133,0.5881600543119563,0.34247534617724923
profile,5,random,0.9261990932872339,0.6458535930542495,0.34247534617724923
profile,5,random,0.8057560037293467,0.44149236843806017,0.34247534617724923
profile,5,random,0.7944949818542459,0.5078307674230782,0.34247534617724923
profile,5,random,0.8486911917789429,0.5678109261702025,0.34247534617724923
profile,5,random,0.8576437153825975,0.7037459325581357,0.34247534617724923
profile,5,random,0.9066507326790869,0.49644928210734685,0.34247534617724923
profile,5,random,0.8673005203873764,0.5853057505371031,0.34247534617724923
profile,5,random,0.9410334435491721,0.5638588744133034,0.34247534617724923
profile,5,random,0.8312596799793858,0.639692343106181,0.34247534617724923
profile,5,random,0.7474874986713089,0.5339683648832496,0.34247534617724923
profile,5,random,0.786680334134571,0.6015810343427916,0.34247534617724923
profile,5,random,0.7799774404699844,0.5214752818194393,0.34247534617724923
profile,5,random,0.8815334826671845,0.48377222257163865,0.34247534617724923
profile,5,random,0.8171684040215897,0.5247835533020362,0.34247534617724923
grid,5,PC,0.41037879623901236,0.34247534617724906,0.34247534617724923
grid,5,top-variance axes,0.5187387195643185,0.4636455975951801,0.34247534617724923
grid,5,random,0.6324087215404133,0.5898301305002025,0.34247534617724923
grid,5,random,0.6401370504896305,0.5957311156445139,0.34247534617724923
grid,5,random,0.6030913427239648,0.5547592031718791,0.34247534617724923
grid,5,random,0.5622551644902545,0.5051294807129424,0.34247534617724923
grid,5,random,0.6406315084580251,0.5989837871417564,0.34247534617724923
grid,5,random,0.5386959820805338,0.48198652059028724,0.34247534617724923
grid,5,random,0.6503669206066847,0.5839368526809248,0.34247534617724923
grid,5,random,0.5869054460207247,0.5300977700917983,0.34247534617724923
grid,5,random,0.5513098947567989,0.5014281232827706,0.34247534617724923
grid,5,random,0.6053531293260779,0.5528230971087138,0.34247534617724923
grid,5,random,0.5303349359727503,0.47499604896744096,0.34247534617724923
grid,5,random,0.5560013212416443,0.5015987733718298,0.34247534617724923
grid,5,random,0.5936052442870259,0.5425603799805916,0.34247534617724923
grid,5,random,0.5684594647249507,0.5150367927055299,0.34247534617724923
grid,5,random,0.7734442799265716,0.7471239307365745,0.34247534617724923
grid,5,random,0.631800498463542,0.5881600543119563,0.34247534617724923
grid,5,random,0.6829740400749967,0.6458535930542495,0.34247534617724923
grid,5,random,0.5007694791576782,0.44149236843806017,0.34247534617724923
grid,5,random,0.5615170095020511,0.5078307674230782,0.34247534617724923
grid,5,random,0.6135224958786446,0.5678109261702025,0.34247534617724923
grid,5,random,0.7361384155387797,0.7037459325581357,0.34247534617724923
grid,5,random,0.5483023343289292,0.49644928210734685,0.34247534617724923
grid,5,random,0.6380461208023568,0.5853057505371031,0.34247534617724923
grid,5,random,0.6081077424646609,0.5638588744133034,0.34247534617724923
grid,5,random,0.6811791328369752,0.639692343106181,0.34247534617724923
grid,5,random,0.5822743626694397,0.5339683648832496,0.34247534617724923
grid,5,random,0.6409607681199577,0.6015810343427916,0.34247534617724923
grid,5,random,0.5703328712278894,0.5214752818194393,0.34247534617724923
grid,5,random,0.5381480867701808,0.48377222257163865,0.34247534617724923
grid,5,random,0.5735086366277246,0.5247835533020362,0.34247534617724923
profile,2,PC (sweep),0.860215214309328,0.34247534617724906,0.34247534617724923
grid,2,PC (sweep),0.5816369854623565,0.34247534617724906,0.34247534617724923
profile,4,PC (sweep),0.8111701887898947,0.34247534617724906,0.34247534617724923
grid,4,PC (sweep),0.4343477266797813,0.34247534617724906,0.34247534617724923
profile,8,PC (sweep),0.7926270655058055,0.34247534617724906,0.34247534617724923
grid,8,PC (sweep),0.3787357360474212,0.34247534617724906,0.34247534617724923
profile,16,PC (sweep),0.7854446345395484,0.34247534617724906,0.34247534617724923
grid,16,PC (sweep),0.3571557368654015,0.34247534617724906,0.34247534617724923
profile,32,PC (sweep),0.7826054304537784,0.34247534617724906,0.34247534617724923
grid,32,PC (sweep),0.3486445902267768,0.34247534617724906,0.34247534617724923
