study,eps,kappa2,design,B,k,deff,lower_bound,gaussian_limit,variance_share_4rows
synthetic,0.0005,0.0,profile,5,3,0.7641438866507215,,0.7370624402969923,
synthetic,0.0005,0.0,grid,5,3,0.29252283221749253,,0.21118732089097714,
synthetic,0.0005,0.3,profile,5,3,0.8047392519500233,0.1172846932826267,0.742433029741973,
synthetic,0.0005,0.3,grid,5,3,0.2911430994927776,-0.6919382624431083,0.22729908922591924,
synthetic,0.0005,1.0,profile,5,3,0.8157310889716314,0.28828175075604745,0.7174886285097202,
synthetic,0.0005,1.0,grid,5,3,0.24643195823573888,-0.8299950946155976,0.1524658855291604,
synthetic,0.0005,3.0,profile,5,3,0.8954060931096794,0.5521651313053575,0.692271415679264,
synthetic,0.0005,3.0,grid,5,3,0.26975606906413446,-0.8299233316339658,0.07681424703779194,
synthetic,0.0005,10.0,profile,5,3,0.9521815496724065,0.7581187851189672,0.6760025247483568,
synthetic,0.0005,10.0,grid,5,3,0.44912472655625657,-0.39300862335883546,0.0280075742450705,
synthetic,0.0005,30.0,profile,5,3,0.983476812010366,0.8588022840228584,0.6699821687092791,
synthetic,0.0005,30.0,grid,5,3,0.7622414542587436,-0.6484431799708865,0.009946506127836985,
synthetic,0.002,0.0,profile,5,3,0.7641438866507215,,0.7370624402969923,
synthetic,0.002,0.0,grid,5,3,0.29252283221749253,,0.21118732089097714,
synthetic,0.002,0.3,profile,5,3,0.794240643520626,0.0016752905794938933,0.7424846710891241,
synthetic,0.002,0.3,grid,5,3,0.25698295143910777,-0.8003544683723356,0.22745401326737225,
synthetic,0.002,1.0,profile,5,3,0.7758481881240802,0.06612536380358014,0.7175475067032514,
synthetic,0.002,1.0,grid,5,3,0.1892576408575851,-4.812079866219286,0.1526425201097542,
synthetic,0.002,3.0,profile,5,3,0.8671394884801363,0.279551894718561,0.6923092489955033,
synthetic,0.002,3.0,grid,5,3,0.2895146824570497,-2.8563438552744125,0.07692774698650984,
synthetic,0.002,10.0,profile,5,3,0.9532382891561298,0.5326151014361433,0.6760174496222993,
synthetic,0.002,10.0,grid,5,3,0.6259601631443723,-2.2103521709974747,0.02805234886689778,
synthetic,0.002,30.0,profile,5,3,0.9808222288136803,0.6721863059807756,0.6699874650670989,
synthetic,0.002,30.0,grid,5,3,0.8188847439936248,-3.4915599134765056,0.009962395201296714,
"EEG, 4 extreme rows in a certainty stratum",0.000267022696929239,,profile,5,3,0.07396067710526602,,0.7575540325701652,0.8417217906118382
"EEG, 4 extreme rows in a certainty stratum",0.000267022696929239,,grid,4,3,0.07100890687330493,,0.27266209771049554,0.8417217906118382
"EEG, all rows",0.000267022696929239,,profile,5,3,0.9107384967396208,,0.7575540325701652,0.8417217906118382
"EEG, all rows",0.000267022696929239,,grid,4,3,0.47700933583299415,,0.27266209771049554,0.8417217906118382
"EEG, 4 extreme rows removed",0.000267022696929239,,profile,5,3,0.6692749045023785,,0.7135897809451912,0.8417217906118382
"EEG, 4 extreme rows removed",0.000267022696929239,,grid,4,3,0.3291064323005614,,0.14076934283557363,0.8417217906118382
