study,k,B,design,strata,efficiency,limit
single-component,1,5,profile,5.0,0.03997411303940794,0.0
single-component,1,5,grid,5.0,0.03997411303940794,0.0
single-component,1,16,profile,16.0,0.003905467503602248,0.0
single-component,1,16,grid,16.0,0.003905467503602248,0.0
single-component,1,32,profile,32.0,0.0009747871081209536,0.0
single-component,1,32,grid,32.0,0.0009747871081209536,0.0
single-component,2,5,profile,15.0,0.519967843438093,0.5
single-component,2,5,grid,25.0,0.03998918268990918,0.0
single-component,2,16,profile,136.0,0.5019626636798293,0.5
single-component,2,16,grid,256.0,0.003906327466515666,0.0
single-component,2,32,profile,528.0,0.5005036696310642,0.5
single-component,2,32,grid,1024.0,0.0009758375483935978,0.0
single-component,3,5,profile,35.0,0.6795646381052098,0.6666666666666667
single-component,3,5,grid,125.0,0.039947243350701316,0.0
single-component,3,16,profile,816.0,0.6675382937214239,0.6666666666666667
single-component,3,16,grid,4096.0,0.003902367903499608,0.0
single-component,3,32,profile,5984.0,0.6665556406486203,0.6666666666666667
single-component,3,32,grid,32768.0,0.0009750929088450024,0.0
single-component,5,5,profile,126.0,0.8077298720533426,0.8
single-component,5,5,grid,3125.0,0.04003629819231667,0.0
single-component,5,16,profile,15504.0,0.8004554786937422,0.8
single-component,5,32,profile,364324.0,0.7909525999956629,0.8
gaussian-linear-average,1,5,profile,,0.7304819581785547,0.6997604320444061
gaussian-linear-average,1,5,grid,,0.7304819581785547,0.6997604320444061
gaussian-linear-average,1,16,profile,,0.7062433906354274,0.6997604320444061
gaussian-linear-average,1,16,grid,,0.7062433906354274,0.6997604320444061
gaussian-linear-average,1,32,profile,,0.702364378806335,0.6997604320444061
gaussian-linear-average,1,32,grid,,0.702364378806335,0.6997604320444061
gaussian-linear-average,2,5,profile,,0.7709027163519921,0.7447963672377451
gaussian-linear-average,2,5,grid,,0.5421818722509423,0.48959273447549034
gaussian-linear-average,2,16,profile,,0.7502626047932187,0.7447963672377451
gaussian-linear-average,2,16,grid,,0.5009592409756223,0.48959273447549034
gaussian-linear-average,2,32,profile,,0.746948096881432,0.7447963672377451
gaussian-linear-average,2,32,grid,,0.49433206457644846,0.48959273447549034
symmetric-radius,2,5,profile,,0.5310956949067929,
symmetric-radius,2,5,grid,,0.5310966027452441,
symmetric-radius,2,16,profile,,0.19533679995660203,
symmetric-radius,2,16,grid,,0.1953338762610394,
gaussian-linear-average,3,5,profile,,0.8032779288443694,0.7808251153924164
gaussian-linear-average,3,5,grid,,0.4102133474004632,0.3424753461772493
gaussian-linear-average,3,16,profile,,0.7855745777531482,0.7808251153924164
gaussian-linear-average,3,16,grid,,0.35711568850139763,0.3424753461772493
gaussian-linear-average,3,32,profile,,0.7827456185797019,0.7808251153924164
gaussian-linear-average,3,32,grid,,0.34858547696808534,0.3424753461772493
symmetric-radius,3,5,profile,,0.5316508279622283,
symmetric-radius,3,5,grid,,0.5316527890858919,
symmetric-radius,3,16,profile,,0.19548106097124512,
symmetric-radius,3,16,grid,,0.19548176452978772,
gaussian-linear-average,5,5,profile,,0.85036509595182,0.8334811308204685
gaussian-linear-average,5,5,grid,,0.2530419022193697,0.16740565410234254
gaussian-linear-average,5,16,profile,,0.8369386160624164,0.8334811308204685
gaussian-linear-average,5,32,profile,,0.82504324006954,0.8334811308204685
symmetric-radius,5,5,profile,,0.531417366574691,
symmetric-radius,5,5,grid,,0.5314082098669537,
symmetric-radius,5,16,profile,,0.19557787573681013,
symmetric-radius,5,16,grid,,0.16673766198704387,
