design,N,phi,oracle,mean_ratio,sd_ratio,mean_abs_dev,reps
profile,2000,x1,0.8066968207637825,0.8227921669594231,0.039805840566202434,0.034718791104846075,1000
profile,2000,x2^2,0.8317946851973766,0.8561408535158548,0.026065284360515924,0.02921672835590233,1000
profile,2000,sin(x1+x2),0.8496966352192393,0.8762347787653987,0.019815843024288817,0.028534275297658236,1000
profile,2000,1{x1>0},0.7970384237646775,0.8188219149272833,0.03130875800427326,0.030231535194645495,1000
profile,2000,x6 (tail),1.0000001883804808,1.024228256241857,0.009071901733593788,0.02423449197327167,1000
profile,8000,x1,0.8066968207637825,0.801185445819564,0.018621690420891113,0.015198181101615124,1000
profile,8000,x2^2,0.8317946851973766,0.8331207276744422,0.00960586838816106,0.007728969042602136,1000
profile,8000,sin(x1+x2),0.8496966352192393,0.8482035620895266,0.008796296959970322,0.0071108539494648395,1000
profile,8000,1{x1>0},0.7970384237646775,0.7937951555040947,0.014152159989781133,0.011559160804386381,1000
profile,8000,x6 (tail),1.0000001883804808,1.001893161066031,0.001513565340116761,0.002043109351992379,1000
profile,32000,x1,0.8066968207637825,0.8052146681951092,0.008948298531494009,0.007201652813789858,1000
profile,32000,x2^2,0.8317946851973766,0.8321277320082802,0.00450466477072548,0.0036371596997286666,1000
profile,32000,sin(x1+x2),0.8496966352192393,0.8493221161248286,0.00446170886448274,0.0034976973252747786,1000
profile,32000,1{x1>0},0.7970384237646775,0.7959356303749558,0.006686488479192843,0.005384185814692378,1000
profile,32000,x6 (tail),1.0000001883804808,1.0000777024300975,0.0002933832417126227,0.000246285907160953,1000
profile,128000,x1,0.8066968207637825,0.8055551531087894,0.004609997508185346,0.0038054234513475683,1000
profile,128000,x2^2,0.8317946851973766,0.8321474001685724,0.002298954352007384,0.0018699532502470038,1000
profile,128000,sin(x1+x2),0.8496966352192393,0.849560508008379,0.002277150294956495,0.0018214947832698144,1000
profile,128000,1{x1>0},0.7970384237646775,0.7961317787639535,0.0034373361388543217,0.002815954648647682,1000
profile,128000,x6 (tail),1.0000001883804808,1.0000017156281806,7.114237086948647e-05,5.652192821703073e-05,1000
profile,512000,x1,0.8066968207637825,0.8060017966068682,0.002325306836206046,0.0019402612868763712,1000
profile,512000,x2^2,0.8317946851973766,0.8321795234668621,0.0011616482449733534,0.0009742259536782677,1000
profile,512000,sin(x1+x2),0.8496966352192393,0.8497164624867757,0.0011103114103010944,0.0008917353885438769,1000
profile,512000,1{x1>0},0.7970384237646775,0.7964549671059463,0.0017151061759023535,0.0014624299202499367,1000
profile,512000,x6 (tail),1.0000001883804808,0.9999983672617313,1.7920483585175882e-05,1.3932587309028021e-05,1000
grid,2000,x1,0.1068525622402053,0.11606419236025371,0.006246232644201554,0.009583088671225128,1000
grid,2000,x2^2,0.5095835539586108,0.5428968536871316,0.0357119907140219,0.0399388026287159,1000
grid,2000,sin(x1+x2),0.4612208297272851,0.5050985308329621,0.02030202339997944,0.044145009125420756,1000
grid,2000,1{x1>0},0.1499123398110158,0.16883439587911164,0.016324129166241767,0.02056053479731024,1000
grid,2000,x6 (tail),0.9999967254787023,1.058994326241233,0.014413888843396064,0.0589976007625306,1000
grid,8000,x1,0.1068525622402053,0.10871742022527711,0.003031635425088253,0.0028718528682078093,1000
grid,8000,x2^2,0.5095835539586108,0.5173211998662891,0.01803512112554347,0.015711463429740644,1000
grid,8000,sin(x1+x2),0.4612208297272851,0.47163098449403923,0.00886700766172271,0.01139623599695869,1000
grid,8000,1{x1>0},0.1499123398110158,0.1555109892218972,0.008386669101520196,0.007671956275222149,1000
grid,8000,x6 (tail),0.9999967254787023,1.0131214429927438,0.003210245360139137,0.01312471751404153,1000
grid,32000,x1,0.1068525622402053,0.10688573716444677,0.0013482610967555815,0.001069071171784461,1000
grid,32000,x2^2,0.5095835539586108,0.5104428934671478,0.00768144445537922,0.00615178263267018,1000
grid,32000,sin(x1+x2),0.4612208297272851,0.46238388340028336,0.004293640867074062,0.0035446491845703668,1000
grid,32000,1{x1>0},0.1499123398110158,0.15083784183699334,0.003689164236924825,0.0029286761848734857,1000
grid,32000,x6 (tail),0.9999967254787023,1.0004394250474034,0.0005587165060303952,0.0005797716665909865,1000
grid,128000,x1,0.1068525622402053,0.10666055774713842,0.0006843612310605009,0.0005735332635952088,1000
grid,128000,x2^2,0.5095835539586108,0.5102604816919465,0.003883537394834539,0.0031546971764689962,1000
grid,128000,sin(x1+x2),0.4612208297272851,0.4617566716204633,0.002071895231037422,0.0017067022295693224,1000
grid,128000,1{x1>0},0.1499123398110158,0.1501333339894156,0.001818981681086087,0.0014343027655465618,1000
grid,128000,x6 (tail),0.9999967254787023,0.9999982885753048,0.00013299849169100662,0.00010529446430532152,1000
grid,512000,x1,0.1068525622402053,0.10668095746273097,0.00033754695523124023,0.0003001361509098071,1000
grid,512000,x2^2,0.5095835539586108,0.5101295084247046,0.0019341387120512573,0.0015959025862136698,1000
grid,512000,sin(x1+x2),0.4612208297272851,0.46147913742867597,0.0009962433897678872,0.0008235841469934105,1000
grid,512000,1{x1>0},0.1499123398110158,0.14991893690735833,0.0008911772956012727,0.0007085708536730942,1000
grid,512000,x6 (tail),0.9999967254787023,0.9999930377701705,3.420260181405507e-05,2.7045603158324938e-05,1000
