dist,design,m,strata,excess,bound,total,tau2,var_g,efficiency
uniform,profile,2,3,0.7981185322816988,36.0,1.17325286871419,0.375,1.3310466526973554,0.8814513498355617
uniform,grid,2,4,0.6406195636089738,36.0,1.0155288329382022,0.375,1.3310466526973554,0.7629551006948112
uniform,profile,3,6,0.6744513247622518,16.0,1.0491105965430876,0.375,1.3310466526973554,0.7881846924126013
uniform,grid,3,9,0.39408176225081065,16.0,0.7682294658351051,0.375,1.3310466526973554,0.5771619381471673
uniform,profile,4,10,0.604144427929857,9.0,0.9790819543231188,0.375,1.3310466526973554,0.7355729811115314
uniform,grid,4,16,0.25372237995011526,9.0,0.6285098132813745,0.375,1.3310466526973554,0.47219217448742634
uniform,profile,6,21,0.534925694423865,4.0,0.9097658831472752,0.375,1.3310466526973554,0.6834966162182534
uniform,grid,6,36,0.11434154864532844,4.0,0.48915447880048135,0.375,1.3310466526973554,0.3674961187943441
uniform,profile,8,36,0.5099465151838661,2.25,0.8850518906122999,0.375,1.3310466526973554,0.6649292786385431
uniform,grid,8,64,0.0647212330639316,2.25,0.4401423145234368,0.375,1.3310466526973554,0.33067384500121905
uniform,profile,12,78,0.491888774872347,1.0,0.8668398475098537,0.375,1.3310466526973554,0.6512467806843657
uniform,grid,12,144,0.028867347924244974,1.0,0.40381841950819175,0.375,1.3310466526973554,0.3033841215782008
uniform,profile,16,136,0.48570242439385947,0.5625,0.8607825917074206,0.375,1.3310466526973554,0.6466960342547359
uniform,grid,16,256,0.01627724532332216,0.5625,0.3913580013248033,0.375,1.3310466526973554,0.29402275309563297
uniform,profile,24,300,0.48111150273068704,0.25,0.856107976363807,0.375,1.3310466526973554,0.643184049656645
uniform,grid,24,576,0.0072412975479953,0.25,0.3822614269108115,0.375,1.3310466526973554,0.28718860164379795
uniform,profile,32,528,0.4796559000546968,0.140625,0.8547186251994707,0.375,1.3310466526973554,0.6421402461494421
uniform,grid,32,1024,0.00407516846818498,0.140625,0.37914806745701213,0.375,1.3310466526973554,0.28484957059068633
uniform,profile,48,1176,0.4784987444320058,0.0625,0.853533186452057,0.375,1.3310466526973554,0.641249639689472
uniform,grid,48,2304,0.00181494717611764,0.0625,0.3768546888822111,0.375,1.3310466526973554,0.28312658171561306
uniform,profile,64,2080,0.4781131170650964,0.03515625,0.8531335474213184,0.375,1.3310466526973554,0.640949395494478
uniform,grid,64,4096,0.001019448943771064,0.03515625,0.37609836422281356,0.375,1.3310466526973554,0.2825583637212514
gaussian,profile,2,3,1.0976349053086085,,1.470326020205499,0.375,1.600795959530666,0.9184968336855254
gaussian,grid,2,4,0.9667118788379014,,1.3395500083714431,0.375,1.600795959530666,0.8368024671702589
gaussian,profile,3,6,0.9491783681939123,,1.3222078108729773,0.375,1.600795959530666,0.8259689831180188
gaussian,grid,3,9,0.6699728198017976,,1.043768573227912,0.375,1.600795959530666,0.6520309893422847
gaussian,profile,4,10,0.8719640455128961,,1.244897278863508,0.375,1.600795959530666,0.7776739261813834
gaussian,grid,4,16,0.5156503670838879,,0.8894180498470424,0.375,1.600795959530666,0.5556098792926795
gaussian,profile,6,21,0.7659782649556341,,1.139346844202995,0.375,1.600795959530666,0.7117377061202964
gaussian,grid,6,36,0.3045655391912112,,0.6787448687049625,0.375,1.600795959530666,0.4240046113709347
gaussian,profile,8,36,0.7129788054516015,,1.0864663433337258,0.375,1.600795959530666,0.6787038265965293
gaussian,grid,8,64,0.19932010302309822,,0.5740850394175699,0.375,1.600795959530666,0.35862474289720514
gaussian,profile,12,78,0.6666590224679148,,1.0399974781772734,0.375,1.600795959530666,0.6496752268678815
gaussian,grid,12,144,0.10641700343556619,,0.4815453316550907,0.375,1.600795959530666,0.3008161838416146
gaussian,profile,16,136,0.6475873526605411,,1.0209966071551422,0.375,1.600795959530666,0.6378055873244995
gaussian,grid,16,256,0.06827783881523991,,0.44322091324902424,0.375,1.600795959530666,0.27687533230591815
gaussian,profile,24,300,0.6324881422565292,,1.005807155344386,0.375,1.600795959530666,0.6283169003245588
gaussian,grid,24,576,0.03838990833312676,,0.41347570631807345,0.375,1.600795959530666,0.2582938218055595
gaussian,profile,32,528,0.6267460072040398,,1.0000123063944306,0.375,1.600795959530666,0.6246969205791987
gaussian,grid,32,1024,0.026917896915141976,,0.4021311075803259,0.375,1.600795959530666,0.25120697312243706
gaussian,profile,48,1176,0.6219133471560504,,0.9951533426676922,0.375,1.600795959530666,0.621661578256019
gaussian,grid,48,2304,0.017399606166743145,,0.3925628864429397,0.375,1.600795959530666,0.24522980839983777
gaussian,profile,64,2080,0.6197357754725528,,0.9929742094460898,0.375,1.600795959530666,0.6203002971954139
gaussian,grid,64,4096,0.013165221184741227,,0.38826106761225904,0.375,1.600795959530666,0.24254250849439454
