dataset,N,d,k_star,k,M,H_N,delta,delta_N,H_over_deltaN,kappa_w,realized_retention
CreditCard,30000,23,7,7,330,315,0.05,1500.0,0.21,1.0311082642230365,0.04733333333333333
CreditCard,30000,23,7,7,330,315,0.01,300.0,1.05,1.404283699851852,0.012533333333333334
CreditCard,30000,23,7,10,1001,924,0.05,1500.0,0.616,1.1810969274444445,0.0514
CreditCard,30000,23,7,10,1001,924,0.01,300.0,3.08,1.98369248,0.0308
MAGIC,19020,10,4,4,70,69,0.05,951.0,0.07255520504731862,1.0026708122569126,0.048370136698212406
MAGIC,19020,10,4,4,70,69,0.01,190.20000000000002,0.362776025236593,1.0322329088534845,0.008832807570977918
MAGIC,19020,10,4,10,1001,857,0.05,951.0,0.9011566771819137,1.3451035844771975,0.06125131440588854
MAGIC,19020,10,4,10,1001,857,0.01,190.20000000000002,4.505783385909568,2.408689458547702,0.04505783385909569
EEG,14980,14,3,3,35,35,0.05,749.0,0.04672897196261682,1.000472497285494,0.04886515353805074
EEG,14980,14,3,3,35,35,0.01,149.8,0.23364485981308408,1.0154840638175588,0.008811748998664886
EEG,14980,14,3,10,1001,916,0.05,749.0,1.2229639519359146,1.4476747865274153,0.06762349799732978
EEG,14980,14,3,10,1001,916,0.01,149.8,6.114819759679572,1.8129093531027574,0.061148197596795725
Epileptic,11500,178,21,10,1001,870,0.05,575.0,1.5130434782608695,1.6653087939508504,0.08191304347826087
Epileptic,11500,178,21,10,1001,870,0.01,115.0,7.565217391304348,2.14408786389414,0.07565217391304348
HIGGS,197428,28,13,10,1001,940,0.05,9871.400000000001,0.09522458820430738,1.0156397316186043,0.04908118402658184
HIGGS,197428,28,13,10,1001,940,0.01,1974.28,0.47612294102153696,1.174977221861351,0.010834329477075187
YearPrediction,515345,90,28,10,1001,983,0.05,25767.25,0.03814920102067547,1.0028136365053246,0.04932811999728337
YearPrediction,515345,90,28,10,1001,983,0.01,5153.45,0.19074600510337736,1.0379733048484645,0.009647905771861568
