metric,k,method,mean,std
Energy distance,10,PCA-QS,0.06557733240086017,0.004859358841739204
Energy distance,10,SRS,2.0786887716396767,0.24645368657926206
Energy distance,3,PCA-QS,0.06839994850870869,0.005699405096056321
Energy distance,3,SRS,6.436718636431722,0.7005276585122304
Energy distance,5,PCA-QS,0.06599498977212287,0.0055869704494841
Energy distance,5,SRS,4.1291397164773365,0.5100539095567128
Energy distance,dyn=21,PCA-QS,0.06851480059993652,0.004528338063733585
Energy distance,dyn=21,SRS,0.8208004814949663,0.08729955196360484
JS divergence,10,PCA-QS,1.686206016736653e-10,1.2041512921720368e-10
JS divergence,10,SRS,0.018732920180201774,0.018560980825506054
JS divergence,3,PCA-QS,0.00011902697363387312,0.0001621247901851259
JS divergence,3,SRS,0.04489535655251352,0.03762621796293027
JS divergence,5,PCA-QS,1.8781913870508133e-05,7.98925289693785e-06
JS divergence,5,SRS,0.030756512506024677,0.020272163120303423
JS divergence,dyn=21,PCA-QS,0.0,0.0
JS divergence,dyn=21,SRS,0.0073518847143601756,0.010840316690412594
KL divergence,10,PCA-QS,2.0931911759227186e-08,2.4134571956631787e-07
KL divergence,10,SRS,14.606556475132027,0.21420426166967343
KL divergence,3,PCA-QS,0.19722466529121674,0.011102559939099668
KL divergence,3,SRS,18.469305830677584,0.14274922052177808
KL divergence,5,PCA-QS,0.03323212463449665,0.004013936983626885
KL divergence,5,SRS,17.155197342143627,0.16379919267629706
KL divergence,dyn=21,PCA-QS,0.0,0.0
KL divergence,dyn=21,SRS,10.305201598060354,0.2723208125174895
MMD,10,PCA-QS,0.0066666666675977105,4.99814589332723e-16
MMD,10,SRS,0.19999999999998905,2.5019385459456973e-13
MMD,3,PCA-QS,0.006664577777865494,6.786233615246619e-06
MMD,3,SRS,0.6666666666666666,8.386194168028203e-17
MMD,5,PCA-QS,0.006666666666795976,3.6733720197356664e-13
MMD,5,SRS,0.3999999999999997,1.1253318569760819e-14
MMD,dyn=21,PCA-QS,0.0066666666675974035,6.003883599993958e-17
MMD,dyn=21,SRS,0.09523809523808754,2.594233046701506e-13
